cliente_id,monto,fecha,tipo_operacion,_clase_interna,sector_actividad,frecuencia_mensual,EsEfectivo,EsInternacional,SectorAltoRiesgo,MontoRelevante,EsEstructurada,mes,dia_semana,fin_de_mes,quincena
DELGBL6401041,42904.57,2025-08-03,efectivo,relevante,joyeria_metales,5,1,0,1,0,0,8,6,0,0
SARAPA871217B,156342.67,2025-05-20,transferencia_nacional,inusual,joyeria_metales,4,0,0,1,0,1,5,1,0,0
URRUCA7812201,104826.72,2025-01-02,tarjeta,inusual,joyeria_metales,3,0,0,1,0,0,1,3,0,0
PADILU9804062,42105.73,2024-12-31,transferencia_nacional,relevante,joyeria_metales,8,0,0,1,0,0,12,1,1,0
GRU943296C51,408.23,2025-10-13,tarjeta,relevante,joyeria_metales,5,0,0,1,0,0,10,0,0,1
SOLAUR9212273,6124.42,2025-04-28,efectivo,relevante,joyeria_metales,7,1,0,1,0,0,4,0,1,0
CLT76249,84443.58,2025-07-08,efectivo,relevante,joyeria_metales,4,1,0,1,0,0,7,1,0,0
COR591355C02,38361.85,2025-02-13,efectivo,relevante,joyeria_metales,6,1,0,1,0,0,2,3,0,1
CLT51555,125046.63,2025-10-22,transferencia_nacional,inusual,joyeria_metales,4,0,0,1,0,0,10,2,0,0
NIE604363286,65965.36,2024-12-21,transferencia_internacional,relevante,joyeria_metales,2,0,1,1,0,0,12,5,0,0
CLT70901,120188.09,2025-08-04,tarjeta,inusual,joyeria_metales,4,0,0,1,0,0,8,0,0,0
CLT82512,8931.26,2025-08-04,transferencia_internacional,relevante,joyeria_metales,3,0,1,1,0,0,8,0,0,0
PRO603323114,65279.91,2025-08-12,transferencia_internacional,relevante,joyeria_metales,5,0,1,1,0,0,8,1,0,0
CAD734224251,348877.63,2025-06-02,transferencia_nacional,preocupante,joyeria_metales,7,0,0,1,1,0,6,0,0,0
CLT83242,657916.53,2024-11-18,tarjeta,preocupante,joyeria_metales,6,0,0,1,1,0,11,0,0,0
CÓR884272319,154178.62,2025-03-16,transferencia_nacional,inusual,joyeria_metales,3,0,0,1,0,1,3,6,0,1
CLT49363,229.64,2025-08-20,efectivo,relevante,joyeria_metales,7,1,0,1,0,0,8,2,0,0
HEN659448B25,132038.51,2025-03-13,transferencia_nacional,inusual,joyeria_metales,3,0,0,1,0,0,3,3,0,1
CLT18639,109801.55,2025-05-07,efectivo,inusual,joyeria_metales,5,1,0,1,0,0,5,2,0,0
GRU547344104,564.96,2025-04-23,transferencia_nacional,relevante,joyeria_metales,8,0,0,1,0,0,4,2,0,0
CLU878107262,8278.07,2024-12-10,transferencia_nacional,relevante,joyeria_metales,6,0,0,1,0,0,12,1,0,0
CLT98338,91915.6,2024-12-01,tarjeta,relevante,joyeria_metales,4,0,0,1,0,0,12,6,0,0
COR591355C02,79003.73,2025-09-10,tarjeta,relevante,joyeria_metales,6,0,0,1,0,0,9,2,0,0
CLT13794,3969.97,2025-03-17,efectivo,relevante,joyeria_metales,6,1,0,1,0,0,3,0,0,1
PIÑAGE650427A,75583.36,2024-11-15,tarjeta,relevante,joyeria_metales,3,0,0,1,0,0,11,4,0,1
CLT22119,90492.91,2025-05-02,transferencia_nacional,relevante,joyeria_metales,10,0,0,1,0,0,5,4,0,0
CAR832952242,98791.63,2025-09-18,transferencia_nacional,relevante,joyeria_metales,2,0,0,1,0,0,9,3,0,0
COR552898207,329830.06,2024-11-07,tarjeta,preocupante,joyeria_metales,2,0,0,1,1,0,11,3,0,0
JURAIS7012163,100877.62,2025-04-21,tarjeta,inusual,joyeria_metales,3,0,0,1,0,0,4,0,0,0
BARRUR5809122,2991787.01,2025-02-11,tarjeta,preocupante,joyeria_metales,4,0,0,1,1,0,2,1,0,0
BALDDA800905A,747.03,2025-08-04,transferencia_nacional,relevante,joyeria_metales,2,0,0,1,0,0,8,0,0,0
FARÍCO8707211,87617.97,2025-08-14,transferencia_nacional,relevante,joyeria_metales,8,0,0,1,0,0,8,3,0,1
GUERMA8312092,96868.47,2025-01-17,tarjeta,relevante,joyeria_metales,5,0,0,1,0,0,1,4,0,1
VÁSQRE731018B,93165.82,2025-03-30,efectivo,relevante,joyeria_metales,6,1,0,1,0,0,3,6,1,0
CLT26361,8176.75,2025-10-08,transferencia_nacional,relevante,joyeria_metales,8,0,0,1,0,0,10,2,0,0
CLT22119,28958.47,2025-05-09,efectivo,relevante,joyeria_metales,10,1,0,1,0,0,5,4,0,0
ZEL542584A94,72961.53,2025-10-05,transferencia_nacional,relevante,joyeria_metales,6,0,0,1,0,0,10,6,0,0
CLT70901,19648.06,2025-03-17,efectivo,relevante,joyeria_metales,4,1,0,1,0,0,3,0,0,1
COR591355C02,140357.78,2025-10-10,tarjeta,inusual,joyeria_metales,6,0,0,1,0,0,10,4,0,0
AVI571583B68,3928.68,2025-05-07,tarjeta,relevante,joyeria_metales,8,0,0,1,0,0,5,2,0,0
CLT22224,84419.43,2025-06-09,efectivo,relevante,joyeria_metales,4,1,0,1,0,0,6,0,0,0
CLT18639,33633.33,2025-01-28,tarjeta,relevante,joyeria_metales,5,0,0,1,0,0,1,1,0,0
TERRCE6912283,46571.95,2024-11-18,efectivo,relevante,joyeria_metales,2,1,0,1,0,0,11,0,0,0
CLT29597,232896.45,2024-12-26,efectivo,preocupante,joyeria_metales,4,1,0,1,1,0,12,3,0,0
CLT18292,54275.34,2025-08-22,transferencia_nacional,relevante,joyeria_metales,5,0,0,1,0,0,8,4,0,0
PRO870029B83,15634.28,2025-01-21,tarjeta,relevante,joyeria_metales,3,0,0,1,0,0,1,1,0,0
CARDRU950905C,127328.86,2025-04-17,tarjeta,inusual,joyeria_metales,4,0,0,1,0,0,4,3,0,1
CLT28634,3035.7,2025-05-21,transferencia_nacional,relevante,joyeria_metales,3,0,0,1,0,0,5,2,0,0
DES807935326,7342.74,2025-07-21,tarjeta,relevante,joyeria_metales,2,0,0,1,0,0,7,0,0,0
COLLRA931228A,131381.89,2025-08-11,tarjeta,inusual,joyeria_metales,4,0,0,1,0,0,8,0,0,0
CARRAL9002013,89037.3,2025-01-08,tarjeta,relevante,joyeria_metales,4,0,0,1,0,0,1,2,0,0
CLT44180,153271.88,2025-01-03,efectivo,inusual,joyeria_metales,4,1,0,1,0,1,1,4,0,0
LAB884720249,17263.91,2025-07-08,transferencia_nacional,relevante,joyeria_metales,2,0,0,1,0,0,7,1,0,0
ENRÍAM9310162,45464.17,2025-09-28,tarjeta,relevante,joyeria_metales,3,0,0,1,0,0,9,6,1,0
LAB884720249,59935.59,2025-10-12,transferencia_nacional,relevante,joyeria_metales,2,0,0,1,0,0,10,6,0,0
TOL817828216,1283.98,2025-08-10,efectivo,relevante,joyeria_metales,4,1,0,1,0,0,8,6,0,0
CLT27750,8177.87,2025-09-22,tarjeta,relevante,joyeria_metales,6,0,0,1,0,0,9,0,0,0
CLT91057,16820.96,2025-06-21,transferencia_internacional,relevante,joyeria_metales,2,0,1,1,0,0,6,5,0,0
DELGBL6401041,14071.3,2025-04-27,transferencia_nacional,relevante,joyeria_metales,5,0,0,1,0,0,4,6,0,0
BALLKA940213A,161621.15,2025-08-17,transferencia_nacional,inusual,joyeria_metales,4,0,0,1,0,1,8,6,0,1
VER917452205,19726.89,2025-07-07,efectivo,relevante,joyeria_metales,6,1,0,1,0,0,7,0,0,0
CLT89593,54514.4,2025-03-17,efectivo,relevante,joyeria_metales,4,1,0,1,0,0,3,0,0,1
SÁENFI5508013,31433.11,2025-10-13,efectivo,relevante,joyeria_metales,1,1,0,1,0,0,10,0,0,1
PACHMI690425B,11467.33,2025-06-25,transferencia_nacional,relevante,joyeria_metales,5,0,0,1,0,0,6,2,0,0
CLT49363,2723.96,2025-01-19,efectivo,relevante,joyeria_metales,7,1,0,1,0,0,1,6,0,0
CLT50988,2464.08,2025-05-13,tarjeta,relevante,joyeria_metales,2,0,0,1,0,0,5,1,0,1
GALVIV901028C,71842.1,2025-09-19,transferencia_nacional,relevante,joyeria_metales,2,0,0,1,0,0,9,4,0,0
TREVCR7011031,119898.9,2025-08-24,tarjeta,inusual,joyeria_metales,4,0,0,1,0,0,8,6,0,0
CLT67366,37675.81,2024-12-14,transferencia_nacional,relevante,joyeria_metales,4,0,0,1,0,0,12,5,0,1
TOR863176115,67378.23,2025-08-21,transferencia_internacional,relevante,joyeria_metales,2,0,1,1,0,0,8,3,0,0
NIE604363286,36407.9,2024-11-15,tarjeta,relevante,joyeria_metales,2,0,0,1,0,0,11,4,0,1
BAÑUEM8407113,56010.33,2024-11-07,tarjeta,relevante,joyeria_metales,3,0,0,1,0,0,11,3,0,0
LEIVYO7809231,94603.34,2025-06-28,transferencia_nacional,relevante,joyeria_metales,7,0,0,1,0,0,6,5,1,0
CLT83242,130469.45,2025-05-04,efectivo,inusual,joyeria_metales,6,1,0,1,0,0,5,6,0,0
CLT84607,7188.13,2025-01-06,transferencia_nacional,relevante,joyeria_metales,5,0,0,1,0,0,1,0,0,0
CLU919085C66,1901.09,2024-12-28,tarjeta,relevante,joyeria_metales,5,0,0,1,0,0,12,5,0,0
LAB513586327,6461.4,2025-01-09,efectivo,relevante,joyeria_metales,2,1,0,1,0,0,1,3,0,0
VÁSQRE731018B,1947.04,2025-08-27,transferencia_nacional,relevante,joyeria_metales,6,0,0,1,0,0,8,2,0,0
ESPILE7207242,4812.58,2025-03-16,tarjeta,relevante,joyeria_metales,5,0,0,1,0,0,3,6,0,1
PRO801863196,4925.57,2025-07-17,efectivo,relevante,joyeria_metales,2,1,0,1,0,0,7,3,0,1
GIL718022387,62548.08,2025-01-13,transferencia_nacional,relevante,joyeria_metales,4,0,0,1,0,0,1,0,0,1
QUINAM5503091,41195.02,2024-12-09,efectivo,relevante,joyeria_metales,4,1,0,1,0,0,12,0,0,0
GUERMA8312092,9206.57,2025-09-07,transferencia_nacional,relevante,joyeria_metales,5,0,0,1,0,0,9,6,0,0
CLT54236,94926.81,2025-10-10,tarjeta,relevante,joyeria_metales,3,0,0,1,0,0,10,4,0,0
VALEIS660124B,4245.83,2024-12-19,tarjeta,relevante,joyeria_metales,5,0,0,1,0,0,12,3,0,0
URÍ926512327,40210.82,2025-09-19,transferencia_nacional,relevante,joyeria_metales,2,0,0,1,0,0,9,4,0,0
CARRAL9002013,4832073.77,2025-05-16,transferencia_nacional,preocupante,joyeria_metales,4,0,0,1,1,0,5,4,0,1
PACHMI690425B,7131.4,2025-02-04,tarjeta,relevante,joyeria_metales,5,0,0,1,0,0,2,1,0,0
CLT23396,130421.28,2025-08-07,tarjeta,inusual,joyeria_metales,5,0,0,1,0,0,8,3,0,0
GRU642131A14,7732.03,2025-07-13,transferencia_nacional,relevante,joyeria_metales,5,0,0,1,0,0,7,6,0,1
ZELANA5010101,7994.52,2025-06-23,transferencia_nacional,relevante,joyeria_metales,4,0,0,1,0,0,6,0,0,0
CLT32699,93670.29,2025-01-12,efectivo,relevante,joyeria_metales,3,1,0,1,0,0,1,6,0,0
COL668407A15,13821.41,2025-10-17,efectivo,relevante,joyeria_metales,1,1,0,1,0,0,10,4,0,1
CLT11658,64188.51,2025-01-27,tarjeta,relevante,joyeria_metales,4,0,0,1,0,0,1,0,0,0
MAR658771B42,129541.98,2025-02-14,tarjeta,inusual,joyeria_metales,5,0,0,1,0,0,2,4,0,1
CLU931183351,54005.66,2025-05-26,tarjeta,relevante,joyeria_metales,4,0,0,1,0,0,5,0,0,0
PACHMI690425B,136159.57,2025-07-27,transferencia_nacional,inusual,joyeria_metales,5,0,0,1,0,0,7,6,0,0
PALOEL930422A,8785.99,2025-01-08,tarjeta,relevante,joyeria_metales,6,0,0,1,0,0,1,2,0,0
CLT42495,2494.34,2025-01-30,tarjeta,relevante,joyeria_metales,6,0,0,1,0,0,1,3,1,0
VILLPE8301222,155593.95,2024-12-27,tarjeta,inusual,joyeria_metales,3,0,0,1,0,1,12,4,0,0
AVI571583B68,116760.4,2025-02-26,transferencia_nacional,inusual,joyeria_metales,8,0,0,1,0,0,2,2,1,0
CLT79993,67535.24,2024-11-27,tarjeta,relevante,joyeria_metales,4,0,0,1,0,0,11,2,0,0
CLT82512,244095.53,2025-07-08,efectivo,preocupante,joyeria_metales,3,1,0,1,1,0,7,1,0,0
CLT52622,3486.61,2025-10-21,transferencia_nacional,relevante,joyeria_metales,8,0,0,1,0,0,10,1,0,0
CLT52622,68396.67,2025-09-16,efectivo,relevante,joyeria_metales,8,1,0,1,0,0,9,1,0,1
COR703666192,83822.72,2025-02-17,transferencia_nacional,relevante,joyeria_metales,3,0,0,1,0,0,2,0,0,1
CURIJO580916A,9201.98,2025-02-28,efectivo,relevante,joyeria_metales,2,1,0,1,0,0,2,4,1,0
CLU680969114,154485.65,2025-05-29,efectivo,preocupante,joyeria_metales,4,1,0,1,0,1,5,3,1,0
DE LVI7712112,95545.45,2025-03-29,efectivo,relevante,joyeria_metales,6,1,0,1,0,0,3,5,1,0
SER674879B42,118193.09,2025-02-10,efectivo,inusual,joyeria_metales,4,1,0,1,0,0,2,0,0,0
CLU919085C66,15457.59,2025-02-02,tarjeta,relevante,joyeria_metales,5,0,0,1,0,0,2,6,0,0
PRO804902C78,148201.44,2025-03-12,transferencia_internacional,inusual,joyeria_metales,2,0,1,1,0,0,3,2,0,0
SÁNCCO5005141,151367.0,2025-02-18,tarjeta,preocupante,joyeria_metales,5,0,0,1,0,1,2,1,0,0
CLT59672,104035.27,2025-05-15,tarjeta,inusual,joyeria_metales,5,0,0,1,0,0,5,3,0,1
TOR776540123,13887.06,2025-10-24,tarjeta,relevante,joyeria_metales,5,0,0,1,0,0,10,4,0,0
PACHMI690425B,81820.88,2025-03-14,transferencia_internacional,relevante,joyeria_metales,5,0,1,1,0,0,3,4,0,1
PADILU9804062,5563.88,2025-09-17,tarjeta,relevante,joyeria_metales,8,0,0,1,0,0,9,2,0,1
CLT27750,227476.32,2025-05-17,efectivo,preocupante,joyeria_metales,6,1,0,1,1,0,5,5,0,1
CARRFR870920C,24199.85,2024-11-04,efectivo,relevante,joyeria_metales,6,1,0,1,0,0,11,0,0,0
CLT51973,89995.0,2025-10-13,tarjeta,relevante,joyeria_metales,6,0,0,1,0,0,10,0,0,1
LAB646958151,125744.65,2025-05-13,transferencia_nacional,inusual,joyeria_metales,4,0,0,1,0,0,5,1,0,1
CONTMA7407061,99332.14,2025-10-03,efectivo,relevante,joyeria_metales,4,1,0,1,0,0,10,4,0,0
CLT73462,42762.54,2025-04-04,transferencia_nacional,relevante,joyeria_metales,6,0,0,1,0,0,4,4,0,0
CLT18292,31708.98,2025-06-10,transferencia_nacional,relevante,joyeria_metales,5,0,0,1,0,0,6,1,0,0
ARTERO901011A,28863.05,2025-01-04,efectivo,relevante,joyeria_metales,3,1,0,1,0,0,1,5,0,0
TOL817828216,84746.86,2025-05-18,transferencia_nacional,relevante,joyeria_metales,4,0,0,1,0,0,5,6,0,0
CLT59672,60759.88,2024-11-11,efectivo,relevante,joyeria_metales,5,1,0,1,0,0,11,0,0,0
CHAPAL9908182,84010.73,2025-01-21,efectivo,relevante,joyeria_metales,5,1,0,1,0,0,1,1,0,0
BALLKA940213A,103803.19,2025-07-27,tarjeta,inusual,joyeria_metales,4,0,0,1,0,0,7,6,0,0
CORRMO570508C,123841.95,2024-12-20,tarjeta,inusual,joyeria_metales,2,0,0,1,0,0,12,4,0,0
ALMAPA5210123,813.63,2025-02-28,transferencia_nacional,relevante,joyeria_metales,6,0,0,1,0,0,2,4,1,0
CLT49356,128527.6,2024-10-31,efectivo,inusual,joyeria_metales,6,1,0,1,0,0,10,3,1,0
RICOFL5405133,78256.09,2025-09-29,efectivo,relevante,joyeria_metales,3,1,0,1,0,0,9,0,1,0
CLT32782,151511.6,2025-08-19,transferencia_nacional,preocupante,joyeria_metales,2,0,0,1,0,1,8,1,0,0
CLT69878,27127.98,2025-10-24,tarjeta,relevante,joyeria_metales,6,0,0,1,0,0,10,4,0,0
CARRBE7510193,8369.49,2025-04-20,transferencia_nacional,relevante,joyeria_metales,8,0,0,1,0,0,4,6,0,0
BON748260B34,72912.19,2025-05-02,efectivo,relevante,joyeria_metales,4,1,0,1,0,0,5,4,0,0
MEZ651346B79,8916.22,2025-02-21,efectivo,relevante,joyeria_metales,5,1,0,1,0,0,2,4,0,0
CLT65723,40850.81,2025-04-28,transferencia_nacional,relevante,joyeria_metales,4,0,0,1,0,0,4,0,1,0
VILLAL9112221,82481.0,2025-09-14,tarjeta,relevante,joyeria_metales,6,0,0,1,0,0,9,6,0,1
ZELANA5010101,23504.61,2024-12-12,tarjeta,relevante,joyeria_metales,4,0,0,1,0,0,12,3,0,0
CLT16764,3083.64,2025-07-07,tarjeta,relevante,joyeria_metales,3,0,0,1,0,0,7,0,0,0
LAURMA8509131,158900.49,2024-11-16,efectivo,inusual,joyeria_metales,3,1,0,1,0,1,11,5,0,1
CARRFR870920C,9614.6,2025-07-19,transferencia_nacional,relevante,joyeria_metales,6,0,0,1,0,0,7,5,0,0
CARRMA5301101,118731.22,2025-03-14,transferencia_nacional,inusual,joyeria_metales,2,0,0,1,0,0,3,4,0,1
CLT15020,89856.21,2025-01-21,transferencia_internacional,inusual,joyeria_metales,8,0,1,1,0,0,1,1,0,0
CLT38906,142205.4,2025-09-14,efectivo,inusual,joyeria_metales,1,1,0,1,0,0,9,6,0,1
MAREMA711005C,67941.17,2025-04-01,tarjeta,relevante,joyeria_metales,6,0,0,1,0,0,4,1,0,0
CLT85690,102762.13,2025-02-26,tarjeta,inusual,joyeria_metales,2,0,0,1,0,0,2,2,1,0
MARTEV9804273,3954.03,2025-01-23,tarjeta,relevante,joyeria_metales,6,0,0,1,0,0,1,3,0,0
CLT76088,78073.67,2025-04-14,transferencia_nacional,relevante,joyeria_metales,2,0,0,1,0,0,4,0,0,1
CEJARU960312C,5324.24,2025-04-22,transferencia_nacional,relevante,joyeria_metales,1,0,0,1,0,0,4,1,0,0
CLT44180,4122215.08,2025-06-11,tarjeta,preocupante,joyeria_metales,4,0,0,1,1,0,6,2,0,0
CLT75230,53928.85,2025-05-03,efectivo,relevante,joyeria_metales,2,1,0,1,0,0,5,5,0,0
MAR658771B42,201396.65,2025-08-23,transferencia_nacional,preocupante,joyeria_metales,5,0,0,1,1,0,8,5,0,0
CAB593133154,15234.95,2025-02-25,transferencia_nacional,relevante,joyeria_metales,6,0,0,1,0,0,2,1,0,0
CAD734224251,62894.13,2025-06-17,efectivo,relevante,joyeria_metales,7,1,0,1,0,0,6,1,0,1
JAIMOM8505031,76165.96,2025-01-19,tarjeta,relevante,joyeria_metales,5,0,0,1,0,0,1,6,0,0
CLT70901,96233.76,2025-10-11,efectivo,relevante,joyeria_metales,4,1,0,1,0,0,10,5,0,0
SAI912506C32,103664.8,2025-01-31,transferencia_nacional,inusual,joyeria_metales,6,0,0,1,0,0,1,4,1,0
CLT83044,35466.79,2025-10-14,transferencia_internacional,relevante,joyeria_metales,7,0,1,1,0,0,10,1,0,1
CLT78146,135886.23,2025-10-18,tarjeta,inusual,joyeria_metales,1,0,0,1,0,0,10,5,0,0
GRU547344104,1559.78,2025-04-10,tarjeta,relevante,joyeria_metales,8,0,0,1,0,0,4,3,0,0
CLT83233,79910.67,2025-07-19,efectivo,relevante,joyeria_metales,8,1,0,1,0,0,7,5,0,0
CLT80686,154273.46,2025-08-17,tarjeta,inusual,joyeria_metales,6,0,0,1,0,1,8,6,0,1
JAIMOM8505031,2792.3,2025-01-06,tarjeta,relevante,joyeria_metales,5,0,0,1,0,0,1,0,0,0
CLT79993,6714.04,2025-10-26,efectivo,relevante,joyeria_metales,4,1,0,1,0,0,10,6,0,0
CLU680969114,2660.35,2025-06-26,tarjeta,relevante,joyeria_metales,4,0,0,1,0,0,6,3,0,0
VILLAL9112221,60320.86,2025-08-14,transferencia_internacional,relevante,joyeria_metales,6,0,1,1,0,0,8,3,0,1
MARÍIV560905B,43397.21,2025-04-10,efectivo,relevante,joyeria_metales,4,1,0,1,0,0,4,3,0,0
ESPIFL540716A,8803.27,2025-01-17,transferencia_nacional,relevante,joyeria_metales,1,0,0,1,0,0,1,4,0,1
RESÉIN801106B,83670.95,2025-09-10,tarjeta,relevante,joyeria_metales,4,0,0,1,0,0,9,2,0,0
CARRFR870920C,3624.13,2025-09-10,tarjeta,relevante,joyeria_metales,6,0,0,1,0,0,9,2,0,0
CLT55237,2208002.55,2024-11-20,transferencia_nacional,preocupante,joyeria_metales,3,0,0,1,1,0,11,2,0,0
FARÍCO8707211,69692.83,2025-07-11,efectivo,relevante,joyeria_metales,8,1,0,1,0,0,7,4,0,0
CLT53694,47709.27,2025-08-20,transferencia_nacional,relevante,joyeria_metales,7,0,0,1,0,0,8,2,0,0
LAB993673222,2560.04,2025-04-13,tarjeta,relevante,joyeria_metales,5,0,0,1,0,0,4,6,0,1
CLT89928,38801.46,2025-06-21,transferencia_nacional,relevante,joyeria_metales,4,0,0,1,0,0,6,5,0,0
OZUNJO9211121,115252.26,2025-05-17,efectivo,inusual,joyeria_metales,4,1,0,1,0,0,5,5,0,1
CAM984604241,98599.29,2025-10-01,efectivo,relevante,joyeria_metales,5,1,0,1,0,0,10,2,0,0
SER674879B42,5490.44,2025-08-08,transferencia_nacional,relevante,joyeria_metales,4,0,0,1,0,0,8,4,0,0
CLT13794,432.77,2025-05-23,tarjeta,relevante,joyeria_metales,6,0,0,1,0,0,5,4,0,0
CLT91083,5009.17,2024-12-19,efectivo,relevante,joyeria_metales,2,1,0,1,0,0,12,3,0,0
VALLDO840510B,61597.12,2025-03-12,efectivo,relevante,joyeria_metales,1,1,0,1,0,0,3,2,0,0
CLT82684,151832.59,2025-08-18,efectivo,inusual,joyeria_metales,5,1,0,1,0,1,8,0,0,0
CLT15020,9505.61,2025-01-19,tarjeta,relevante,joyeria_metales,8,0,0,1,0,0,1,6,0,0
CLT23069,55523.6,2025-02-07,transferencia_nacional,relevante,joyeria_metales,3,0,0,1,0,0,2,4,0,0
PRO839586B74,59321.73,2024-12-04,tarjeta,relevante,joyeria_metales,3,0,0,1,0,0,12,2,0,0
LEIVYO7809231,4764457.25,2025-01-11,efectivo,preocupante,joyeria_metales,7,1,0,1,1,0,1,5,0,0
ROLÓVE7907143,158195.31,2025-06-22,transferencia_nacional,inusual,joyeria_metales,3,0,0,1,0,1,6,6,0,0
CAR673664316,305915.12,2024-12-31,tarjeta,preocupante,joyeria_metales,3,0,0,1,1,0,12,1,1,0
MARTEV9804273,141210.62,2025-08-11,efectivo,inusual,joyeria_metales,6,1,0,1,0,0,8,0,0,0
CLT51973,3411.66,2025-07-07,transferencia_nacional,relevante,joyeria_metales,6,0,0,1,0,0,7,0,0,0
VILLAL9112221,17691.56,2025-03-23,efectivo,relevante,joyeria_metales,6,1,0,1,0,0,3,6,0,0
URRUCA7812201,10802.85,2025-10-18,tarjeta,relevante,joyeria_metales,3,0,0,1,0,0,10,5,0,0
AVI571583B68,35541.04,2025-04-10,efectivo,relevante,joyeria_metales,8,1,0,1,0,0,4,3,0,0
CLT52622,15472.75,2025-05-22,tarjeta,relevante,joyeria_metales,8,0,0,1,0,0,5,3,0,0
GRU951037C12,6220.72,2025-05-03,efectivo,relevante,joyeria_metales,4,1,0,1,0,0,5,5,0,0
AVI571583B68,2323.69,2025-08-05,tarjeta,relevante,joyeria_metales,8,0,0,1,0,0,8,1,0,0
ZEL542584A94,64038.34,2025-04-06,transferencia_nacional,relevante,joyeria_metales,6,0,0,1,0,0,4,6,0,0
CLT49110,45488.51,2025-01-10,tarjeta,relevante,joyeria_metales,4,0,0,1,0,0,1,4,0,0
MARÍIV560905B,5238.69,2025-09-18,efectivo,relevante,joyeria_metales,4,1,0,1,0,0,9,3,0,0
CAR656428186,82838.35,2025-10-30,efectivo,relevante,joyeria_metales,6,1,0,1,0,0,10,3,1,0
RÍOSJU991111A,44722.27,2025-07-26,tarjeta,relevante,joyeria_metales,1,0,0,1,0,0,7,5,0,0
CHAPAL9908182,162515.42,2024-12-28,transferencia_nacional,inusual,joyeria_metales,5,0,0,1,0,1,12,5,0,0
CLT15020,759.86,2025-09-18,transferencia_internacional,relevante,joyeria_metales,8,0,1,1,0,0,9,3,0,0
CLT49356,33346.24,2025-01-17,tarjeta,relevante,joyeria_metales,6,0,0,1,0,0,1,4,0,1
VELÁEL7002251,123499.41,2025-07-09,transferencia_nacional,inusual,joyeria_metales,3,0,0,1,0,0,7,2,0,0
CLT90125,84772.66,2025-04-27,tarjeta,relevante,joyeria_metales,3,0,0,1,0,0,4,6,0,0
CLT62505,163660.91,2025-10-24,transferencia_internacional,inusual,joyeria_metales,2,0,1,1,0,1,10,4,0,0
COR605941248,3557.17,2025-04-13,transferencia_nacional,relevante,joyeria_metales,2,0,0,1,0,0,4,6,0,1
FARÍCO8707211,12302.35,2025-04-06,tarjeta,relevante,joyeria_metales,8,0,0,1,0,0,4,6,0,0
RANGSE9812152,2277516.81,2025-07-21,transferencia_internacional,preocupante,joyeria_metales,6,0,1,1,1,0,7,0,0,0
COR552898207,161395.46,2025-03-24,tarjeta,inusual,joyeria_metales,2,0,0,1,0,1,3,0,0,0
ALMAPA5210123,68111.41,2024-12-09,tarjeta,relevante,joyeria_metales,6,0,0,1,0,0,12,0,0,0
CLT60615,54579.01,2025-05-15,efectivo,relevante,joyeria_metales,1,1,0,1,0,0,5,3,0,1
CONTMA7407061,6141.23,2025-04-16,tarjeta,relevante,joyeria_metales,4,0,0,1,0,0,4,2,0,1
VALEIS660124B,46258.88,2025-02-15,efectivo,relevante,joyeria_metales,5,1,0,1,0,0,2,5,0,1
CLT80686,154823.11,2025-09-13,tarjeta,inusual,joyeria_metales,6,0,0,1,0,1,9,5,0,1
CLT18292,9842.69,2025-06-08,transferencia_nacional,relevante,joyeria_metales,5,0,0,1,0,0,6,6,0,0
GRU642131A14,21778.63,2025-07-11,transferencia_internacional,relevante,joyeria_metales,5,0,1,1,0,0,7,4,0,0
COR735789235,148093.03,2024-11-27,efectivo,inusual,joyeria_metales,4,1,0,1,0,0,11,2,0,0
CLT92544,237119.79,2025-05-30,tarjeta,preocupante,joyeria_metales,3,0,0,1,1,0,5,4,1,0
PADILU9804062,5076.52,2025-06-20,efectivo,relevante,joyeria_metales,8,1,0,1,0,0,6,4,0,0
CAB593133154,126546.88,2024-11-21,tarjeta,inusual,joyeria_metales,6,0,0,1,0,0,11,3,0,0
TREJAS870702A,80055.15,2024-12-17,tarjeta,relevante,joyeria_metales,2,0,0,1,0,0,12,1,0,1
CAV710137286,6682.63,2025-03-25,transferencia_nacional,relevante,joyeria_metales,4,0,0,1,0,0,3,1,0,0
CLT22224,31157.49,2025-05-17,tarjeta,relevante,joyeria_metales,4,0,0,1,0,0,5,5,0,1
CLT26361,124366.34,2024-11-06,efectivo,inusual,joyeria_metales,8,1,0,1,0,0,11,2,0,0
TOR776540123,31600.48,2025-04-02,tarjeta,relevante,joyeria_metales,5,0,0,1,0,0,4,2,0,0
BAÑUEM8407113,14822.68,2025-01-21,transferencia_nacional,relevante,joyeria_metales,3,0,0,1,0,0,1,1,0,0
PRO993021129,2518590.55,2025-07-03,tarjeta,preocupante,joyeria_metales,3,0,0,1,1,0,7,3,0,0
VAL808944C02,4493.13,2025-01-13,transferencia_internacional,relevante,joyeria_metales,2,0,1,1,0,0,1,0,0,1
NIETPE7910063,30376.89,2025-05-21,efectivo,relevante,joyeria_metales,4,1,0,1,0,0,5,2,0,0
CLT54548,81819.88,2025-05-19,transferencia_nacional,relevante,joyeria_metales,4,0,0,1,0,0,5,0,0,0
FRANSO7103032,74689.29,2024-11-13,transferencia_nacional,relevante,joyeria_metales,4,0,0,1,0,0,11,2,0,1
GUERMA8312092,14593.47,2025-03-12,transferencia_nacional,relevante,joyeria_metales,5,0,0,1,0,0,3,2,0,0
SAI912506C32,230339.86,2024-12-30,efectivo,preocupante,joyeria_metales,6,1,0,1,1,0,12,0,1,0
COR898571312,74605.32,2025-04-25,transferencia_nacional,relevante,joyeria_metales,2,0,0,1,0,0,4,4,0,0
COR735789235,17405.32,2025-01-07,transferencia_internacional,relevante,joyeria_metales,4,0,1,1,0,0,1,1,0,0
CAR656428186,98494.52,2025-10-06,transferencia_nacional,relevante,joyeria_metales,6,0,0,1,0,0,10,0,0,0
LAB993673222,6316.21,2025-07-21,transferencia_nacional,relevante,joyeria_metales,5,0,0,1,0,0,7,0,0,0
CLT52622,98145.38,2025-05-01,efectivo,relevante,joyeria_metales,8,1,0,1,0,0,5,3,0,0
CLT51973,141398.01,2025-07-26,efectivo,inusual,joyeria_metales,6,1,0,1,0,0,7,5,0,0
PALOEL930422A,15604.53,2025-04-13,transferencia_nacional,relevante,joyeria_metales,6,0,0,1,0,0,4,6,0,1
QUI789021B63,26784.0,2025-03-23,efectivo,relevante,joyeria_metales,2,1,0,1,0,0,3,6,0,0
CLT27750,4029.54,2024-11-20,tarjeta,relevante,joyeria_metales,6,0,0,1,0,0,11,2,0,0
CLT26361,33076.16,2024-10-31,tarjeta,relevante,joyeria_metales,8,0,0,1,0,0,10,3,1,0
PALOEL930422A,58474.47,2025-08-17,transferencia_nacional,relevante,joyeria_metales,6,0,0,1,0,0,8,6,0,1
CLT34050,5691.93,2025-01-09,efectivo,relevante,joyeria_metales,1,1,0,1,0,0,1,3,0,0
CAR832952242,48666.19,2024-12-13,tarjeta,relevante,joyeria_metales,2,0,0,1,0,0,12,4,0,1
DES891579139,2689764.77,2025-06-19,tarjeta,preocupante,joyeria_metales,4,0,0,1,1,0,6,3,0,0
RAYAMA900710A,139104.41,2025-04-22,transferencia_internacional,inusual,joyeria_metales,2,0,1,1,0,0,4,1,0,0
PADILU9804062,101028.52,2025-03-27,efectivo,inusual,joyeria_metales,8,1,0,1,0,0,3,3,0,0
SOLAUR9212273,552.85,2025-04-25,transferencia_internacional,relevante,joyeria_metales,7,0,1,1,0,0,4,4,0,0
CLT54548,4812.9,2025-05-20,transferencia_nacional,relevante,joyeria_metales,4,0,0,1,0,0,5,1,0,0
VEL525435A62,4169.18,2025-07-19,transferencia_nacional,relevante,joyeria_metales,5,0,0,1,0,0,7,5,0,0
CLT44814,144516.19,2025-03-15,tarjeta,inusual,joyeria_metales,3,0,0,1,0,0,3,5,0,1
COR781364B25,137075.65,2025-07-12,transferencia_nacional,inusual,joyeria_metales,3,0,0,1,0,0,7,5,0,0
CLT49110,1915.7,2025-07-11,efectivo,relevante,joyeria_metales,4,1,0,1,0,0,7,4,0,0
OLM754496B82,122352.78,2025-05-17,tarjeta,inusual,joyeria_metales,5,0,0,1,0,0,5,5,0,1
CLT34662,8305.95,2024-12-12,efectivo,relevante,joyeria_metales,3,1,0,1,0,0,12,3,0,0
CLU878107262,42904.02,2025-08-11,efectivo,relevante,joyeria_metales,6,1,0,1,0,0,8,0,0,0
ZEL542584A94,85361.22,2025-03-10,transferencia_nacional,relevante,joyeria_metales,6,0,0,1,0,0,3,0,0,0
MEZAAU981127C,50893.68,2025-07-21,efectivo,relevante,joyeria_metales,2,1,0,1,0,0,7,0,0,0
RAYAMA900710A,115779.04,2025-07-22,transferencia_internacional,inusual,joyeria_metales,2,0,1,1,0,0,7,1,0,0
CLT51973,110039.73,2025-01-17,efectivo,inusual,joyeria_metales,6,1,0,1,0,0,1,4,0,1
ALE649639301,8264.34,2025-02-13,transferencia_nacional,relevante,joyeria_metales,3,0,0,1,0,0,2,3,0,1
CLT64948,86652.83,2025-03-16,transferencia_nacional,relevante,joyeria_metales,1,0,0,1,0,0,3,6,0,1
PADILU9804062,93930.62,2024-12-06,tarjeta,relevante,joyeria_metales,8,0,0,1,0,0,12,4,0,0
GRU943296C51,5713.46,2025-10-01,transferencia_nacional,relevante,joyeria_metales,5,0,0,1,0,0,10,2,0,0
CLU680969114,798.63,2024-11-13,tarjeta,relevante,joyeria_metales,4,0,0,1,0,0,11,2,0,1
GUE550627352,106277.51,2025-08-26,transferencia_nacional,inusual,joyeria_metales,2,0,0,1,0,0,8,1,0,0
RIVEMA9405231,81384.77,2025-01-20,transferencia_nacional,relevante,joyeria_metales,2,0,0,1,0,0,1,0,0,0
CAR656428186,4572.5,2025-10-23,transferencia_nacional,relevante,joyeria_metales,6,0,0,1,0,0,10,3,0,0
JAR598818310,5190.92,2025-01-02,transferencia_nacional,relevante,joyeria_metales,2,0,0,1,0,0,1,3,0,0
CAR673664316,1367.65,2025-05-21,transferencia_nacional,relevante,joyeria_metales,3,0,0,1,0,0,5,2,0,0
CLT22119,88217.87,2025-09-01,transferencia_nacional,relevante,joyeria_metales,10,0,0,1,0,0,9,0,0,0
JARATO7608283,3764.57,2025-07-24,tarjeta,relevante,joyeria_metales,4,0,0,1,0,0,7,3,0,0
OZUNJO9211121,145664.35,2025-01-08,transferencia_internacional,inusual,joyeria_metales,4,0,1,1,0,0,1,2,0,0
GRU526615383,13923.3,2025-07-13,efectivo,relevante,joyeria_metales,2,1,0,1,0,0,7,6,0,1
CLT37549,130136.62,2025-07-17,transferencia_nacional,inusual,joyeria_metales,4,0,0,1,0,0,7,3,0,1
CLT49363,9653.77,2025-04-30,transferencia_nacional,relevante,joyeria_metales,7,0,0,1,0,0,4,2,1,0
GRU951037C12,20829.79,2025-05-16,tarjeta,relevante,joyeria_metales,4,0,0,1,0,0,5,4,0,1
ARIAMA9611241,72370.17,2025-06-16,efectivo,relevante,joyeria_metales,1,1,0,1,0,0,6,0,0,1
CLT58566,141298.91,2024-11-13,tarjeta,inusual,joyeria_metales,2,0,0,1,0,0,11,2,0,1
VER917452205,6828.51,2025-08-26,tarjeta,relevante,joyeria_metales,6,0,0,1,0,0,8,1,0,0
FRANSO7103032,3773.28,2025-02-18,transferencia_nacional,relevante,joyeria_metales,4,0,0,1,0,0,2,1,0,0
CLT83233,16835.5,2025-10-01,transferencia_nacional,relevante,joyeria_metales,8,0,0,1,0,0,10,2,0,0
CLT75107,2486411.52,2025-08-30,transferencia_nacional,preocupante,joyeria_metales,1,0,0,1,1,0,8,5,1,0
DES729734249,1041064.51,2024-12-28,transferencia_nacional,preocupante,joyeria_metales,5,0,0,1,1,0,12,5,0,0
CLT59857,148187.66,2024-11-19,tarjeta,inusual,joyeria_metales,2,0,0,1,0,0,11,1,0,0
RANGSE9812152,25207.82,2025-10-21,transferencia_nacional,relevante,joyeria_metales,6,0,0,1,0,0,10,1,0,0
RANGSE9812152,1780.6,2025-06-05,tarjeta,relevante,joyeria_metales,6,0,0,1,0,0,6,3,0,0
SÁE655560B09,99557.44,2025-09-11,transferencia_internacional,relevante,joyeria_metales,3,0,1,1,0,0,9,3,0,0
CLT23396,28985.24,2025-10-01,efectivo,relevante,joyeria_metales,5,1,0,1,0,0,10,2,0,0
CLT40972,209911.65,2025-01-10,efectivo,preocupante,joyeria_metales,6,1,0,1,1,0,1,4,0,0
DES574383301,30708.47,2025-02-27,efectivo,relevante,joyeria_metales,2,1,0,1,0,0,2,3,1,0
CONTMA7407061,21685.79,2025-04-24,tarjeta,relevante,joyeria_metales,4,0,0,1,0,0,4,3,0,0
VALEIS660124B,3811.22,2024-11-17,efectivo,relevante,joyeria_metales,5,1,0,1,0,0,11,6,0,1
PRO603323114,17012.12,2025-04-25,tarjeta,relevante,joyeria_metales,5,0,0,1,0,0,4,4,0,0
CLT48780,2546.32,2025-02-03,transferencia_nacional,relevante,joyeria_metales,2,0,0,1,0,0,2,0,0,0
PADILU9804062,6957.0,2024-12-02,tarjeta,relevante,joyeria_metales,8,0,0,1,0,0,12,0,0,0
PRO993021129,29197.55,2025-05-05,tarjeta,relevante,joyeria_metales,3,0,0,1,0,0,5,0,0,0
CLT93130,126868.34,2025-04-02,tarjeta,inusual,joyeria_metales,2,0,0,1,0,0,4,2,0,0
RANGSE9812152,241404.66,2025-04-13,transferencia_internacional,preocupante,joyeria_metales,6,0,1,1,1,0,4,6,0,1
CLT74304,39289.0,2025-10-25,efectivo,relevante,joyeria_metales,4,1,0,1,0,0,10,5,0,0
CARRMA5301101,34608.78,2025-02-20,efectivo,relevante,joyeria_metales,2,1,0,1,0,0,2,3,0,0
MARTEV9804273,248809.92,2025-07-07,transferencia_nacional,preocupante,joyeria_metales,6,0,0,1,1,0,7,0,0,0
CLT70505,22472.65,2025-04-26,transferencia_nacional,relevante,joyeria_metales,2,0,0,1,0,0,4,5,0,0
MAR845427A48,82967.04,2025-10-06,transferencia_nacional,relevante,joyeria_metales,5,0,0,1,0,0,10,0,0,0
GUAJMI8101122,49650.24,2025-03-23,transferencia_nacional,relevante,joyeria_metales,1,0,0,1,0,0,3,6,0,0
GRU951037C12,74066.73,2025-06-19,efectivo,relevante,joyeria_metales,4,1,0,1,0,0,6,3,0,0
DÍAZLI6508192,48685.06,2025-10-18,transferencia_nacional,relevante,joyeria_metales,3,0,0,1,0,0,10,5,0,0
CLU878107262,67296.4,2025-08-15,tarjeta,relevante,joyeria_metales,6,0,0,1,0,0,8,4,0,1
CLT84607,60532.9,2025-10-17,tarjeta,relevante,joyeria_metales,5,0,0,1,0,0,10,4,0,1
CLT89928,9300.82,2025-01-15,transferencia_nacional,relevante,joyeria_metales,4,0,0,1,0,0,1,2,0,1
CLT38183,7695.16,2025-09-13,efectivo,relevante,joyeria_metales,5,1,0,1,0,0,9,5,0,1
CLT18292,143560.22,2025-10-26,tarjeta,inusual,joyeria_metales,5,0,0,1,0,0,10,6,0,0
CLT83044,63461.89,2025-08-09,efectivo,relevante,joyeria_metales,7,1,0,1,0,0,8,5,0,0
CAB593133154,340.73,2025-06-02,efectivo,relevante,joyeria_metales,6,1,0,1,0,0,6,0,0,0
CÓR884272319,47889.94,2024-11-05,transferencia_nacional,relevante,joyeria_metales,3,0,0,1,0,0,11,1,0,0
CLT59894,23672.69,2025-10-05,transferencia_nacional,relevante,joyeria_metales,3,0,0,1,0,0,10,6,0,0
LEIVYO7809231,1684.71,2025-02-14,efectivo,relevante,joyeria_metales,7,1,0,1,0,0,2,4,0,1
CLT31805,144627.66,2025-03-24,efectivo,inusual,joyeria_metales,5,1,0,1,0,0,3,0,0,0
DES807935326,47081.38,2025-05-30,transferencia_nacional,relevante,joyeria_metales,2,0,0,1,0,0,5,4,1,0
DELGBL6401041,8634.22,2025-07-25,tarjeta,relevante,joyeria_metales,5,0,0,1,0,0,7,4,0,0
COR898571312,83824.99,2025-09-01,transferencia_nacional,relevante,joyeria_metales,2,0,0,1,0,0,9,0,0,0
CARRBE7510193,5321.26,2025-04-11,tarjeta,relevante,joyeria_metales,8,0,0,1,0,0,4,4,0,0
CLT15020,7569.97,2024-11-11,transferencia_internacional,relevante,joyeria_metales,8,0,1,1,0,0,11,0,0,0
CARDRI691114A,15628.46,2025-03-03,tarjeta,relevante,joyeria_metales,6,0,0,1,0,0,3,0,0,0
GUERMA8312092,63615.09,2025-09-30,efectivo,relevante,joyeria_metales,5,1,0,1,0,0,9,1,1,0
OCH585669164,108838.41,2025-05-30,tarjeta,inusual,joyeria_metales,1,0,0,1,0,0,5,4,1,0
BALLKA940213A,39058.47,2025-09-23,transferencia_nacional,relevante,joyeria_metales,4,0,0,1,0,0,9,1,0,0
CLT37549,48028.57,2025-07-21,tarjeta,relevante,joyeria_metales,4,0,0,1,0,0,7,0,0,0
CLU931183351,33896.52,2025-04-18,transferencia_nacional,relevante,joyeria_metales,4,0,0,1,0,0,4,4,0,0
BAR651693248,90179.37,2025-10-16,transferencia_nacional,relevante,joyeria_metales,3,0,0,1,0,0,10,3,0,1
ESPILE7207242,8436.13,2025-09-23,tarjeta,relevante,joyeria_metales,5,0,0,1,0,0,9,1,0,0
CLU919085C66,154775.43,2024-11-05,efectivo,inusual,joyeria_metales,5,1,0,1,0,1,11,1,0,0
YÁÑEÁN6503213,54282.83,2025-03-18,transferencia_nacional,relevante,joyeria_metales,4,0,0,1,0,0,3,1,0,0
CARRBE7510193,83342.55,2025-02-25,transferencia_nacional,relevante,joyeria_metales,8,0,0,1,0,0,2,1,0,0
CLT42208,41792.38,2025-05-01,transferencia_nacional,relevante,joyeria_metales,2,0,0,1,0,0,5,3,0,0
MAREMA711005C,42422.13,2025-02-03,tarjeta,relevante,joyeria_metales,6,0,0,1,0,0,2,0,0,0
CLT82684,51163.57,2025-10-23,efectivo,relevante,joyeria_metales,5,1,0,1,0,0,10,3,0,0
SARAPA871217B,47281.12,2025-09-20,transferencia_nacional,relevante,joyeria_metales,4,0,0,1,0,0,9,5,0,0
RICOFL5405133,41902.36,2025-02-22,transferencia_nacional,relevante,joyeria_metales,3,0,0,1,0,0,2,5,0,0
CAD734224251,22220.97,2025-08-27,tarjeta,relevante,joyeria_metales,7,0,0,1,0,0,8,2,0,0
CLT16764,154119.16,2025-08-07,transferencia_nacional,inusual,joyeria_metales,3,0,0,1,0,1,8,3,0,0
CLT83242,42404.54,2025-04-09,efectivo,relevante,joyeria_metales,6,1,0,1,0,0,4,2,0,0
URÍ926512327,3379683.26,2025-05-26,tarjeta,preocupante,joyeria_metales,2,0,0,1,1,0,5,0,0,0
MEZ651346B79,67907.78,2025-09-13,transferencia_internacional,relevante,joyeria_metales,5,0,1,1,0,0,9,5,0,1
CARRBE7510193,25926.75,2024-12-28,tarjeta,relevante,joyeria_metales,8,0,0,1,0,0,12,5,0,0
CLT21919,88705.79,2025-10-13,transferencia_internacional,inusual,joyeria_metales,2,0,1,1,0,0,10,0,0,1
CAR673664316,6668.67,2025-06-26,transferencia_internacional,relevante,joyeria_metales,3,0,1,1,0,0,6,3,0,0
CLT34662,11015.45,2025-09-28,transferencia_nacional,relevante,joyeria_metales,3,0,0,1,0,0,9,6,1,0
CLT34551,96536.94,2025-02-11,tarjeta,relevante,joyeria_metales,9,0,0,1,0,0,2,1,0,0
CLU931183351,59071.59,2025-04-22,transferencia_nacional,relevante,joyeria_metales,4,0,0,1,0,0,4,1,0,0
CLT91083,7820.52,2025-06-16,efectivo,relevante,joyeria_metales,2,1,0,1,0,0,6,0,0,1
PIÑAGE650427A,33873.71,2025-06-22,transferencia_nacional,relevante,joyeria_metales,3,0,0,1,0,0,6,6,0,0
CLT82684,54205.26,2025-02-21,efectivo,relevante,joyeria_metales,5,1,0,1,0,0,2,4,0,0
SOLOUR500528B,93005.26,2025-10-16,tarjeta,relevante,joyeria_metales,3,0,0,1,0,0,10,3,0,1
PIZAES781216A,8292.63,2025-03-28,transferencia_nacional,relevante,joyeria_metales,2,0,0,1,0,0,3,4,0,0
VÁSQRE731018B,25568.07,2025-10-26,transferencia_nacional,relevante,joyeria_metales,6,0,0,1,0,0,10,6,0,0
BON748260B34,33147.02,2025-01-26,tarjeta,relevante,joyeria_metales,4,0,0,1,0,0,1,6,0,0
COR926273B52,2846.07,2024-11-25,tarjeta,relevante,joyeria_metales,4,0,0,1,0,0,11,0,0,0
PIÑAGE650427A,86479.58,2025-05-15,efectivo,relevante,joyeria_metales,3,1,0,1,0,0,5,3,0,1
JURAIS7012163,128771.06,2024-12-30,transferencia_nacional,inusual,joyeria_metales,3,0,0,1,0,0,12,0,1,0
DES574383301,28365.43,2025-10-01,transferencia_nacional,relevante,joyeria_metales,2,0,0,1,0,0,10,2,0,0
DES729734249,91605.88,2025-08-26,transferencia_nacional,relevante,joyeria_metales,5,0,0,1,0,0,8,1,0,0
CLT82684,103843.1,2025-05-14,tarjeta,inusual,joyeria_metales,5,0,0,1,0,0,5,2,0,1
CLT83044,8243.12,2025-04-06,transferencia_internacional,relevante,joyeria_metales,7,0,1,1,0,0,4,6,0,0
DUEÑER8901193,1605.83,2025-02-13,tarjeta,relevante,joyeria_metales,3,0,0,1,0,0,2,3,0,1
LAB513586327,7936.63,2025-10-06,transferencia_nacional,relevante,joyeria_metales,2,0,0,1,0,0,10,0,0,0
CLT13794,33765.23,2025-06-26,tarjeta,relevante,joyeria_metales,6,0,0,1,0,0,6,3,0,0
FRANSO7103032,21649.17,2025-08-07,tarjeta,relevante,joyeria_metales,4,0,0,1,0,0,8,3,0,0
CARRFR870920C,141524.92,2025-01-13,transferencia_nacional,inusual,joyeria_metales,6,0,0,1,0,0,1,0,0,1
CLT32782,1482.55,2025-02-17,tarjeta,relevante,joyeria_metales,2,0,0,1,0,0,2,0,0,1
TREVCR7011031,78414.86,2025-07-10,efectivo,relevante,joyeria_metales,4,1,0,1,0,0,7,3,0,0
CONTMA7407061,152320.36,2024-12-26,efectivo,inusual,joyeria_metales,4,1,0,1,0,1,12,3,0,0
FRANSO7103032,127085.24,2025-03-05,transferencia_internacional,inusual,joyeria_metales,4,0,1,1,0,0,3,2,0,0
CLT90125,3553.8,2025-10-14,transferencia_nacional,relevante,joyeria_metales,3,0,0,1,0,0,10,1,0,1
CLT81810,12910.52,2025-01-11,transferencia_nacional,relevante,joyeria_metales,2,0,0,1,0,0,1,5,0,0
CLT35166,122320.98,2025-04-10,transferencia_nacional,inusual,joyeria_metales,4,0,0,1,0,0,4,3,0,0
GRU547344104,53168.69,2025-07-31,transferencia_nacional,relevante,joyeria_metales,8,0,0,1,0,0,7,3,1,0
SOLAUR9212273,80288.14,2025-10-29,transferencia_nacional,relevante,joyeria_metales,7,0,0,1,0,0,10,2,1,0
CARRAL9002013,147572.74,2025-10-06,efectivo,inusual,joyeria_metales,4,1,0,1,0,0,10,0,0,0
TAFOAB5107113,51282.08,2025-03-11,tarjeta,relevante,joyeria_metales,2,0,0,1,0,0,3,1,0,0
CLT43202,87542.8,2025-01-29,transferencia_nacional,relevante,joyeria_metales,3,0,0,1,0,0,1,2,1,0
GRU642131A14,1526331.72,2025-06-05,transferencia_internacional,preocupante,joyeria_metales,5,0,1,1,1,0,6,3,0,0
CARRBE7510193,153545.55,2025-02-14,efectivo,inusual,joyeria_metales,8,1,0,1,0,1,2,4,0,1
MORAMA880512A,15360.61,2024-12-04,efectivo,relevante,joyeria_metales,2,1,0,1,0,0,12,2,0,0
RODRAL520102B,71354.96,2025-03-26,transferencia_internacional,relevante,joyeria_metales,3,0,1,1,0,0,3,2,0,0
MOTAFR750722A,88779.82,2025-04-05,efectivo,relevante,joyeria_metales,3,1,0,1,0,0,4,5,0,0
CLT64773,9553.17,2025-04-30,tarjeta,relevante,joyeria_metales,4,0,0,1,0,0,4,2,1,0
COLLRA931228A,86867.12,2024-11-16,transferencia_internacional,relevante,joyeria_metales,4,0,1,1,0,0,11,5,0,1
ENRÍAM9310162,83877.54,2024-12-02,transferencia_nacional,relevante,joyeria_metales,3,0,0,1,0,0,12,0,0,0
SAI912506C32,2285.62,2025-03-25,efectivo,relevante,joyeria_metales,6,1,0,1,0,0,3,1,0,0
CLT34551,82934.73,2024-12-28,tarjeta,relevante,joyeria_metales,9,0,0,1,0,0,12,5,0,0
CLT89928,134136.21,2024-12-14,transferencia_nacional,inusual,joyeria_metales,4,0,0,1,0,0,12,5,0,1
CLU878107262,221880.39,2025-05-08,transferencia_nacional,preocupante,joyeria_metales,6,0,0,1,1,0,5,3,0,0
CAB593133154,85342.16,2024-11-04,efectivo,relevante,joyeria_metales,6,1,0,1,0,0,11,0,0,0
CLT23396,86819.36,2025-07-25,efectivo,relevante,joyeria_metales,5,1,0,1,0,0,7,4,0,0
CLT22119,86531.79,2024-12-19,transferencia_nacional,relevante,joyeria_metales,10,0,0,1,0,0,12,3,0,0
MEZ651346B79,1130.69,2025-08-21,tarjeta,relevante,joyeria_metales,5,0,0,1,0,0,8,3,0,0
PRO839586B74,9197.37,2025-09-13,tarjeta,relevante,joyeria_metales,3,0,0,1,0,0,9,5,0,1
LAB646958151,4692.92,2025-02-03,transferencia_nacional,relevante,joyeria_metales,4,0,0,1,0,0,2,0,0,0
VEL525435A62,169622.87,2025-06-11,transferencia_nacional,preocupante,joyeria_metales,5,0,0,1,0,1,6,2,0,0
VELÁEL7002251,59028.59,2025-08-04,transferencia_internacional,relevante,joyeria_metales,3,0,1,1,0,0,8,0,0,0
FARÍCO8707211,4945.58,2024-11-06,transferencia_nacional,relevante,joyeria_metales,8,0,0,1,0,0,11,2,0,0
CLT51507,55070.94,2024-11-04,transferencia_internacional,relevante,joyeria_metales,2,0,1,1,0,0,11,0,0,0
ALO739080C09,97569.22,2024-11-03,transferencia_nacional,relevante,joyeria_metales,2,0,0,1,0,0,11,6,0,0
MARTEV9804273,100548.9,2025-03-12,transferencia_nacional,inusual,joyeria_metales,6,0,0,1,0,0,3,2,0,0
MAT604286B52,124833.64,2025-02-07,transferencia_nacional,inusual,joyeria_metales,5,0,0,1,0,0,2,4,0,0
CURIJO580916A,50905.49,2025-07-16,efectivo,relevante,joyeria_metales,2,1,0,1,0,0,7,2,0,1
CLT64773,139039.06,2025-01-30,efectivo,inusual,joyeria_metales,4,1,0,1,0,0,1,3,1,0
CLT82684,1706.11,2025-08-12,transferencia_internacional,relevante,joyeria_metales,5,0,1,1,0,0,8,1,0,0
TER613447374,38313.4,2024-11-07,efectivo,relevante,joyeria_metales,1,1,0,1,0,0,11,3,0,0
CAS819622313,160589.53,2025-05-15,efectivo,inusual,joyeria_metales,3,1,0,1,0,1,5,3,0,1
TOR776540123,18481.79,2025-08-21,tarjeta,relevante,joyeria_metales,5,0,0,1,0,0,8,3,0,0
CLT84607,44730.9,2025-01-31,efectivo,relevante,joyeria_metales,5,1,0,1,0,0,1,4,1,0
CAD734224251,6019.21,2024-11-04,tarjeta,relevante,joyeria_metales,7,0,0,1,0,0,11,0,0,0
PRO839586B74,157513.76,2025-09-09,efectivo,inusual,joyeria_metales,3,1,0,1,0,1,9,1,0,0
HEN659448B25,6864.16,2025-09-07,tarjeta,relevante,joyeria_metales,3,0,0,1,0,0,9,6,0,0
CARDRI691114A,4451.17,2025-06-14,tarjeta,relevante,joyeria_metales,6,0,0,1,0,0,6,5,0,1
NIÑOEU9108143,7094.11,2025-05-11,tarjeta,relevante,joyeria_metales,3,0,0,1,0,0,5,6,0,0
CLT37549,45351.44,2025-02-21,tarjeta,relevante,joyeria_metales,4,0,0,1,0,0,2,4,0,0
GRU642131A14,8544.79,2025-09-22,tarjeta,relevante,joyeria_metales,5,0,0,1,0,0,9,0,0,0
CARDRI691114A,82998.54,2025-07-18,transferencia_nacional,relevante,joyeria_metales,6,0,0,1,0,0,7,4,0,0
CAR656428186,94308.9,2025-10-06,tarjeta,relevante,joyeria_metales,6,0,0,1,0,0,10,0,0,0
CLT82642,25960.11,2025-09-14,transferencia_nacional,relevante,joyeria_metales,3,0,0,1,0,0,9,6,0,1
CLT79993,11461.99,2024-12-29,tarjeta,relevante,joyeria_metales,4,0,0,1,0,0,12,6,1,0
VAL808944C02,13576.44,2025-06-26,transferencia_nacional,relevante,joyeria_metales,2,0,0,1,0,0,6,3,0,0
TREVCR7011031,71067.43,2025-08-06,transferencia_nacional,relevante,joyeria_metales,4,0,0,1,0,0,8,2,0,0
CLT31805,98568.78,2025-07-16,efectivo,relevante,joyeria_metales,5,1,0,1,0,0,7,2,0,1
GUERMA8312092,5033.84,2025-10-18,efectivo,relevante,joyeria_metales,5,1,0,1,0,0,10,5,0,0
CLT53694,3115.68,2025-03-20,transferencia_internacional,relevante,joyeria_metales,7,0,1,1,0,0,3,3,0,0
CLT21919,1224.22,2025-01-24,efectivo,relevante,joyeria_metales,2,1,0,1,0,0,1,4,0,0
CLT34551,16955.81,2025-05-03,transferencia_nacional,relevante,joyeria_metales,9,0,0,1,0,0,5,5,0,0
PACHMI690425B,103372.97,2024-11-07,transferencia_nacional,inusual,joyeria_metales,5,0,0,1,0,0,11,3,0,0
ESQ844618160,2482.86,2024-12-05,transferencia_internacional,relevante,joyeria_metales,1,0,1,1,0,0,12,3,0,0
RODRAL520102B,94837.37,2024-12-22,transferencia_nacional,relevante,joyeria_metales,3,0,0,1,0,0,12,6,0,0
VEL525435A62,37801.41,2025-04-02,transferencia_nacional,relevante,joyeria_metales,5,0,0,1,0,0,4,2,0,0
CLT27750,3534058.05,2024-12-23,tarjeta,preocupante,joyeria_metales,6,0,0,1,1,0,12,0,0,0
SANARU5603251,7877.95,2025-02-27,tarjeta,relevante,joyeria_metales,2,0,0,1,0,0,2,3,1,0
CLT19963,25972.64,2025-06-16,tarjeta,relevante,joyeria_metales,3,0,0,1,0,0,6,0,0,1
VEL525435A62,290.0,2025-04-13,tarjeta,relevante,joyeria_metales,5,0,0,1,0,0,4,6,0,1
RAS598247178,7859.54,2024-12-21,transferencia_internacional,relevante,joyeria_metales,1,0,1,1,0,0,12,5,0,0
DUEÑER8901193,44588.9,2025-08-28,tarjeta,relevante,joyeria_metales,3,0,0,1,0,0,8,3,0,0
GRU547344104,6603.86,2024-11-25,tarjeta,relevante,joyeria_metales,8,0,0,1,0,0,11,0,0,0
NIETPE7910063,78007.85,2025-07-26,tarjeta,relevante,joyeria_metales,4,0,0,1,0,0,7,5,0,0
CLT40972,74392.21,2024-11-04,efectivo,relevante,joyeria_metales,6,1,0,1,0,0,11,0,0,0
CLT74304,155224.48,2025-08-20,tarjeta,inusual,joyeria_metales,4,0,0,1,0,1,8,2,0,0
CLT52245,67093.27,2025-05-19,tarjeta,relevante,joyeria_metales,4,0,0,1,0,0,5,0,0,0
ALM903153B52,28226.27,2025-10-04,transferencia_nacional,relevante,joyeria_metales,7,0,0,1,0,0,10,5,0,0
CLT82102,45982.98,2025-09-20,tarjeta,relevante,joyeria_metales,2,0,0,1,0,0,9,5,0,0
LAB646958151,11412.45,2025-02-05,transferencia_nacional,relevante,joyeria_metales,4,0,0,1,0,0,2,2,0,0
COL901517B27,157551.77,2024-12-13,transferencia_nacional,inusual,joyeria_metales,2,0,0,1,0,1,12,4,0,1
CLT22119,74378.07,2024-11-25,tarjeta,relevante,joyeria_metales,10,0,0,1,0,0,11,0,0,0
LAB993673222,70422.25,2025-07-18,transferencia_nacional,relevante,joyeria_metales,5,0,0,1,0,0,7,4,0,0
DES891579139,28928.4,2025-06-16,transferencia_nacional,relevante,joyeria_metales,4,0,0,1,0,0,6,0,0,1
CLT23069,63259.85,2025-08-06,transferencia_internacional,relevante,joyeria_metales,3,0,1,1,0,0,8,2,0,0
CLT42495,1068.56,2025-06-02,efectivo,relevante,joyeria_metales,6,1,0,1,0,0,6,0,0,0
CLT89928,512.56,2025-05-03,tarjeta,relevante,joyeria_metales,4,0,0,1,0,0,5,5,0,0
MARÍIV560905B,1654068.35,2025-09-17,efectivo,preocupante,joyeria_metales,4,1,0,1,1,0,9,2,0,1
CLT53694,81590.04,2024-12-14,efectivo,relevante,joyeria_metales,7,1,0,1,0,0,12,5,0,1
CAD734224251,350.97,2024-12-17,efectivo,relevante,joyeria_metales,7,1,0,1,0,0,12,1,0,1
QUIÑOF800212C,1814.7,2025-09-18,efectivo,relevante,joyeria_metales,1,1,0,1,0,0,9,3,0,0
BAR651693248,56259.16,2025-05-26,transferencia_nacional,relevante,joyeria_metales,3,0,0,1,0,0,5,0,0,0
CLT69878,10945.54,2025-08-24,efectivo,relevante,joyeria_metales,6,1,0,1,0,0,8,6,0,0
CARRFR870920C,74613.4,2024-12-19,transferencia_nacional,relevante,joyeria_metales,6,0,0,1,0,0,12,3,0,0
RIVEMA9405231,2814.73,2025-04-09,transferencia_internacional,relevante,joyeria_metales,2,0,1,1,0,0,4,2,0,0
COLLRA931228A,35998.56,2024-12-31,tarjeta,relevante,joyeria_metales,4,0,0,1,0,0,12,1,1,0
BAR854005B61,3049092.49,2025-05-06,tarjeta,preocupante,joyeria_metales,5,0,0,1,1,0,5,1,0,0
CLT28634,7054.59,2025-01-18,transferencia_nacional,relevante,joyeria_metales,3,0,0,1,0,0,1,5,0,0
BAÑUEM8407113,2571.71,2025-09-15,transferencia_nacional,relevante,joyeria_metales,3,0,0,1,0,0,9,0,0,1
GRU547344104,223718.33,2025-08-20,tarjeta,preocupante,joyeria_metales,8,0,0,1,1,0,8,2,0,0
VÁSQRE731018B,131336.69,2025-08-19,efectivo,inusual,joyeria_metales,6,1,0,1,0,0,8,1,0,0
CLT42495,208152.01,2025-04-02,tarjeta,preocupante,joyeria_metales,6,0,0,1,1,0,4,2,0,0
RESÉIN801106B,88460.39,2024-11-30,tarjeta,relevante,joyeria_metales,4,0,0,1,0,0,11,5,1,0
CLT80686,8424.63,2025-06-23,efectivo,relevante,joyeria_metales,6,1,0,1,0,0,6,0,0,0
OLM754496B82,42470.79,2025-10-27,tarjeta,relevante,joyeria_metales,5,0,0,1,0,0,10,0,0,0
CLT92345,13759.28,2025-01-14,transferencia_nacional,relevante,joyeria_metales,1,0,0,1,0,0,1,1,0,1
CLT49110,9493.97,2025-10-18,efectivo,relevante,joyeria_metales,4,1,0,1,0,0,10,5,0,0
OLIVAL9607162,3079.54,2024-11-21,transferencia_nacional,relevante,joyeria_metales,4,0,0,1,0,0,11,3,0,0
LER869484B34,17674.69,2025-05-14,transferencia_nacional,relevante,joyeria_metales,2,0,0,1,0,0,5,2,0,1
CLT25118,61105.17,2025-08-01,transferencia_nacional,relevante,joyeria_metales,3,0,0,1,0,0,8,4,0,0
CLT49318,44429.22,2025-06-04,transferencia_nacional,relevante,joyeria_metales,3,0,0,1,0,0,6,2,0,0
CLT51973,90954.3,2025-01-29,transferencia_nacional,relevante,joyeria_metales,6,0,0,1,0,0,1,2,1,0
DES891579139,5407.35,2024-12-19,tarjeta,relevante,joyeria_metales,4,0,0,1,0,0,12,3,0,0
CLT27750,19090.79,2025-08-21,transferencia_internacional,relevante,joyeria_metales,6,0,1,1,0,0,8,3,0,0
COR703666192,127135.03,2024-12-01,transferencia_nacional,inusual,joyeria_metales,3,0,0,1,0,0,12,6,0,0
CLT49356,84010.71,2025-01-01,transferencia_nacional,relevante,joyeria_metales,6,0,0,1,0,0,1,2,0,0
COL901517B27,106774.51,2025-08-22,efectivo,inusual,joyeria_metales,2,1,0,1,0,0,8,4,0,0
GRU547344104,611.65,2025-02-09,efectivo,relevante,joyeria_metales,8,1,0,1,0,0,2,6,0,0
ESPILE7207242,80907.17,2025-07-05,transferencia_nacional,relevante,joyeria_metales,5,0,0,1,0,0,7,5,0,0
MAR658771B42,92481.52,2025-07-01,tarjeta,relevante,joyeria_metales,5,0,0,1,0,0,7,1,0,0
CLT32699,2361.7,2025-03-04,tarjeta,relevante,joyeria_metales,3,0,0,1,0,0,3,1,0,0
PALOEL930422A,9216.39,2025-07-17,efectivo,relevante,joyeria_metales,6,1,0,1,0,0,7,3,0,1
MORELU610701B,112341.19,2025-09-20,transferencia_nacional,inusual,joyeria_metales,3,0,0,1,0,0,9,5,0,0
FARÍCO8707211,121636.46,2025-01-16,transferencia_nacional,inusual,joyeria_metales,8,0,0,1,0,0,1,3,0,1
MONTÓS5611122,8521.1,2025-10-16,tarjeta,relevante,joyeria_metales,3,0,0,1,0,0,10,3,0,1
CLT23104,49865.47,2025-07-25,efectivo,relevante,joyeria_metales,2,1,0,1,0,0,7,4,0,0
LAB993673222,9378.56,2025-08-10,efectivo,relevante,joyeria_metales,5,1,0,1,0,0,8,6,0,0
ROLÓVE7907143,165989.76,2025-06-27,transferencia_nacional,inusual,joyeria_metales,3,0,0,1,0,1,6,4,0,0
ENRÍAM9310162,157568.74,2024-12-14,transferencia_nacional,inusual,joyeria_metales,3,0,0,1,0,1,12,5,0,1
FARÍCO8707211,3382626.52,2025-09-01,efectivo,preocupante,joyeria_metales,8,1,0,1,1,0,9,0,0,0
CLT34551,1741.17,2025-08-02,tarjeta,relevante,joyeria_metales,9,0,0,1,0,0,8,5,0,0
BUSTAM8709082,8686.21,2024-12-07,transferencia_nacional,relevante,joyeria_metales,3,0,0,1,0,0,12,5,0,0
CIN953169A45,380341.23,2024-11-03,transferencia_nacional,preocupante,joyeria_metales,2,0,0,1,1,0,11,6,0,0
ALO739080C09,158049.25,2025-02-19,transferencia_nacional,inusual,joyeria_metales,2,0,0,1,0,1,2,2,0,0
CLT67366,8479.88,2024-12-22,transferencia_nacional,relevante,joyeria_metales,4,0,0,1,0,0,12,6,0,0
URRUCA7812201,3396.72,2025-02-18,efectivo,relevante,joyeria_metales,3,1,0,1,0,0,2,1,0,0
CLT79993,92458.93,2025-08-10,tarjeta,relevante,joyeria_metales,4,0,0,1,0,0,8,6,0,0
MONTÓS5611122,22468.44,2025-10-01,transferencia_nacional,relevante,joyeria_metales,3,0,0,1,0,0,10,2,0,0
CLT29476,51559.13,2025-04-22,efectivo,relevante,joyeria_metales,2,1,0,1,0,0,4,1,0,0
CLT55237,166536.22,2025-01-21,efectivo,inusual,joyeria_metales,3,1,0,1,0,1,1,1,0,0
ALMAPA5210123,16427.25,2025-04-03,tarjeta,relevante,joyeria_metales,6,0,0,1,0,0,4,3,0,0
SAI912506C32,28021.77,2025-04-02,tarjeta,relevante,joyeria_metales,6,0,0,1,0,0,4,2,0,0
CLU919085C66,223921.59,2025-03-31,efectivo,preocupante,joyeria_metales,5,1,0,1,1,0,3,0,1,0
CLT18639,1495.15,2025-05-14,tarjeta,relevante,joyeria_metales,5,0,0,1,0,0,5,2,0,1
CLT82102,64815.11,2024-12-08,tarjeta,relevante,joyeria_metales,2,0,0,1,0,0,12,6,0,0
JAIMOM8505031,21287.48,2025-08-31,transferencia_nacional,relevante,joyeria_metales,5,0,0,1,0,0,8,6,1,0
ALE649639301,131239.19,2025-06-18,tarjeta,inusual,joyeria_metales,3,0,0,1,0,0,6,2,0,0
NIETPE7910063,21893.96,2025-08-25,transferencia_nacional,relevante,joyeria_metales,4,0,0,1,0,0,8,0,0,0
CLT15020,6925.7,2025-10-26,transferencia_internacional,relevante,joyeria_metales,8,0,1,1,0,0,10,6,0,0
DES694014C59,96846.95,2025-09-26,transferencia_nacional,relevante,joyeria_metales,1,0,0,1,0,0,9,4,0,0
CLT47700,149693.54,2025-08-29,efectivo,inusual,joyeria_metales,1,1,0,1,0,0,8,4,1,0
CLT12482,89969.72,2025-07-06,efectivo,relevante,joyeria_metales,1,1,0,1,0,0,7,6,0,0
PRO603323114,90002.75,2025-05-31,efectivo,relevante,joyeria_metales,5,1,0,1,0,0,5,5,1,0
VILLAL9112221,66899.42,2025-10-22,efectivo,relevante,joyeria_metales,6,1,0,1,0,0,10,2,0,0
CLT25118,7921.3,2025-03-14,transferencia_nacional,relevante,joyeria_metales,3,0,0,1,0,0,3,4,0,1
VELÁEL7002251,6103.65,2025-07-22,transferencia_internacional,relevante,joyeria_metales,3,0,1,1,0,0,7,1,0,0
CLT15020,16592.59,2025-09-24,transferencia_nacional,relevante,joyeria_metales,8,0,0,1,0,0,9,2,0,0
FARÍCO8707211,2178.07,2025-03-28,efectivo,relevante,joyeria_metales,8,1,0,1,0,0,3,4,0,0
IND610036395,101002.06,2025-02-08,tarjeta,inusual,joyeria_metales,5,0,0,1,0,0,2,5,0,0
RICOFL5405133,85452.32,2025-09-30,transferencia_nacional,relevante,joyeria_metales,3,0,0,1,0,0,9,1,1,0
ZEL542584A94,1276.3,2025-07-03,tarjeta,relevante,joyeria_metales,6,0,0,1,0,0,7,3,0,0
CLT49535,2515.5,2024-11-03,transferencia_nacional,relevante,joyeria_metales,2,0,0,1,0,0,11,6,0,0
CLT34957,118219.82,2025-07-23,tarjeta,inusual,joyeria_metales,2,0,0,1,0,0,7,2,0,0
CLT74304,814.76,2025-08-20,efectivo,relevante,joyeria_metales,4,1,0,1,0,0,8,2,0,0
ZAY694081C34,69611.81,2025-09-15,transferencia_internacional,relevante,joyeria_metales,2,0,1,1,0,0,9,0,0,1
CLT26361,44795.85,2025-06-03,efectivo,relevante,joyeria_metales,8,1,0,1,0,0,6,1,0,0
DE LVI7712112,88010.63,2025-08-12,tarjeta,relevante,joyeria_metales,6,0,0,1,0,0,8,1,0,0
CLT31805,82891.61,2025-07-23,tarjeta,relevante,joyeria_metales,5,0,0,1,0,0,7,2,0,0
CAM984604241,58146.56,2025-07-15,transferencia_nacional,relevante,joyeria_metales,5,0,0,1,0,0,7,1,0,1
CLT95909,163131.96,2025-09-12,tarjeta,preocupante,joyeria_metales,1,0,0,1,0,1,9,4,0,0
CLT29476,37244.71,2025-02-10,transferencia_internacional,relevante,joyeria_metales,2,0,1,1,0,0,2,0,0,0
CLT34551,89145.66,2025-06-20,transferencia_internacional,inusual,joyeria_metales,9,0,1,1,0,0,6,4,0,0
CLT38183,41476.14,2024-11-06,efectivo,relevante,joyeria_metales,5,1,0,1,0,0,11,2,0,0
MAT604286B52,55908.12,2025-10-24,tarjeta,relevante,joyeria_metales,5,0,0,1,0,0,10,4,0,0
ARREIR740904C,35034.4,2025-08-05,transferencia_nacional,relevante,joyeria_metales,3,0,0,1,0,0,8,1,0,0
CLT73462,75361.23,2025-08-12,transferencia_nacional,relevante,joyeria_metales,6,0,0,1,0,0,8,1,0,0
CLT92544,11086.7,2025-07-06,tarjeta,relevante,joyeria_metales,3,0,0,1,0,0,7,6,0,0
IND610036395,61324.56,2024-12-09,tarjeta,relevante,joyeria_metales,5,0,0,1,0,0,12,0,0,0
IND610036395,157576.61,2025-03-01,transferencia_nacional,inusual,joyeria_metales,5,0,0,1,0,1,3,5,0,0
PALOEL930422A,148138.42,2025-06-20,transferencia_nacional,inusual,joyeria_metales,6,0,0,1,0,0,6,4,0,0
CAB593133154,37840.82,2025-08-14,tarjeta,relevante,joyeria_metales,6,0,0,1,0,0,8,3,0,1
GONZBE5804242,4298.89,2025-10-19,transferencia_nacional,relevante,joyeria_metales,2,0,0,1,0,0,10,6,0,0
CLT62505,98121.4,2025-09-20,tarjeta,relevante,joyeria_metales,2,0,0,1,0,0,9,5,0,0
COR926273B52,51063.45,2025-10-22,tarjeta,relevante,joyeria_metales,4,0,0,1,0,0,10,2,0,0
PRO804902C78,56443.86,2025-09-07,tarjeta,relevante,joyeria_metales,2,0,0,1,0,0,9,6,0,0
CLT12665,3128035.6,2025-03-31,transferencia_nacional,preocupante,joyeria_metales,2,0,0,1,1,0,3,0,1,0
PADILU9804062,110023.73,2025-04-24,tarjeta,inusual,joyeria_metales,8,0,0,1,0,0,4,3,0,0
CLT49318,120454.98,2025-01-31,tarjeta,inusual,joyeria_metales,3,0,0,1,0,0,1,4,1,0
CLU931183351,79310.91,2025-01-06,efectivo,relevante,joyeria_metales,4,1,0,1,0,0,1,0,0,0
DES891579139,32214.54,2025-02-15,tarjeta,relevante,joyeria_metales,4,0,0,1,0,0,2,5,0,1
RANGSE9812152,2675.56,2024-12-27,tarjeta,relevante,joyeria_metales,6,0,0,1,0,0,12,4,0,0
NARAHO840124C,6279.07,2025-09-25,transferencia_nacional,relevante,joyeria_metales,2,0,0,1,0,0,9,3,0,0
CLT55237,73710.24,2025-07-31,tarjeta,relevante,joyeria_metales,3,0,0,1,0,0,7,3,1,0
CLT59857,191226.09,2025-10-16,efectivo,preocupante,joyeria_metales,2,1,0,1,1,0,10,3,0,1
CLT52622,54174.95,2024-12-04,tarjeta,relevante,joyeria_metales,8,0,0,1,0,0,12,2,0,0
CLT76249,37320.27,2025-01-27,transferencia_nacional,relevante,joyeria_metales,4,0,0,1,0,0,1,0,0,0
CLT18639,100585.33,2025-10-13,transferencia_nacional,inusual,joyeria_metales,5,0,0,1,0,0,10,0,0,1
BAR854005B61,19582.48,2025-10-07,transferencia_nacional,relevante,joyeria_metales,5,0,0,1,0,0,10,1,0,0
GIL718022387,6312.3,2025-09-20,transferencia_nacional,relevante,joyeria_metales,4,0,0,1,0,0,9,5,0,0
SER674879B42,238302.79,2024-11-01,tarjeta,preocupante,joyeria_metales,4,0,0,1,1,0,11,4,0,0
COR735789235,4471.15,2025-01-29,transferencia_nacional,relevante,joyeria_metales,4,0,0,1,0,0,1,2,1,0
CLT64773,63487.21,2025-08-26,efectivo,relevante,joyeria_metales,4,1,0,1,0,0,8,1,0,0
CLT74304,9691.89,2025-01-21,efectivo,relevante,joyeria_metales,4,1,0,1,0,0,1,1,0,0
CLT44180,5468.15,2024-12-20,efectivo,relevante,joyeria_metales,4,1,0,1,0,0,12,4,0,0
CLU693324C11,62267.21,2025-07-25,tarjeta,relevante,joyeria_metales,2,0,0,1,0,0,7,4,0,0
CLT54236,11809.09,2025-10-21,transferencia_nacional,relevante,joyeria_metales,3,0,0,1,0,0,10,1,0,0
CARRBE7510193,121977.36,2025-01-15,transferencia_nacional,inusual,joyeria_metales,8,0,0,1,0,0,1,2,0,1
CLT70505,145659.76,2025-08-19,transferencia_internacional,inusual,joyeria_metales,2,0,1,1,0,0,8,1,0,0
CLT83233,107548.92,2025-04-12,efectivo,inusual,joyeria_metales,8,1,0,1,0,0,4,5,0,0
SOLAUR9212273,97179.85,2025-08-26,tarjeta,relevante,joyeria_metales,7,0,0,1,0,0,8,1,0,0
AVI571583B68,6543.69,2025-05-22,tarjeta,relevante,joyeria_metales,8,0,0,1,0,0,5,3,0,0
CAV710137286,36246.47,2025-02-05,transferencia_nacional,relevante,joyeria_metales,4,0,0,1,0,0,2,2,0,0
SARAPA871217B,90182.8,2025-01-27,tarjeta,relevante,joyeria_metales,4,0,0,1,0,0,1,0,0,0
ARTERO901011A,4740.06,2025-10-08,efectivo,relevante,joyeria_metales,3,1,0,1,0,0,10,2,0,0
CARDRU950905C,8784.29,2025-02-10,tarjeta,relevante,joyeria_metales,4,0,0,1,0,0,2,0,0,0
RANGSE9812152,132386.83,2025-07-18,transferencia_nacional,inusual,joyeria_metales,6,0,0,1,0,0,7,4,0,0
PRO993021129,2545.09,2025-06-09,tarjeta,relevante,joyeria_metales,3,0,0,1,0,0,6,0,0,0
PRO603323114,162475.74,2024-11-25,tarjeta,inusual,joyeria_metales,5,0,0,1,0,1,11,0,0,0
CLT52245,115821.8,2025-01-09,transferencia_nacional,inusual,joyeria_metales,4,0,0,1,0,0,1,3,0,0
IND610036395,98107.67,2025-10-17,transferencia_nacional,relevante,joyeria_metales,5,0,0,1,0,0,10,4,0,1
DE LVI7712112,30975.61,2025-05-02,transferencia_nacional,relevante,joyeria_metales,6,0,0,1,0,0,5,4,0,0
CLT26361,6647.57,2025-08-24,transferencia_nacional,relevante,joyeria_metales,8,0,0,1,0,0,8,6,0,0
CLT73462,34783.52,2025-01-18,tarjeta,relevante,joyeria_metales,6,0,0,1,0,0,1,5,0,0
CAS819622313,152022.78,2025-08-08,transferencia_nacional,inusual,joyeria_metales,3,0,0,1,0,1,8,4,0,0
CLT11658,94740.47,2025-02-23,tarjeta,relevante,joyeria_metales,4,0,0,1,0,0,2,6,0,0
AVI571583B68,93872.72,2025-01-11,tarjeta,relevante,joyeria_metales,8,0,0,1,0,0,1,5,0,0
PRO870029B83,7218.55,2025-03-10,tarjeta,relevante,joyeria_metales,3,0,0,1,0,0,3,0,0,0
CAB593133154,5741.91,2024-11-09,transferencia_nacional,relevante,joyeria_metales,6,0,0,1,0,0,11,5,0,0
IND610036395,8333.8,2025-08-31,transferencia_nacional,relevante,joyeria_metales,5,0,0,1,0,0,8,6,1,0
MAR845427A48,363349.09,2025-08-03,transferencia_internacional,preocupante,joyeria_metales,5,0,1,1,1,0,8,6,0,0
AVI571583B68,69826.74,2025-08-25,efectivo,relevante,joyeria_metales,8,1,0,1,0,0,8,0,0,0
LUC733716C67,6196.92,2025-05-14,transferencia_internacional,relevante,joyeria_metales,3,0,1,1,0,0,5,2,0,1
CLT83242,35832.43,2025-03-14,tarjeta,relevante,joyeria_metales,6,0,0,1,0,0,3,4,0,1
ZELANA5010101,60284.16,2025-08-01,efectivo,relevante,joyeria_metales,4,1,0,1,0,0,8,4,0,0
CLT80686,61431.91,2025-08-19,efectivo,relevante,joyeria_metales,6,1,0,1,0,0,8,1,0,0
MAR845427A48,26856.98,2025-10-04,tarjeta,relevante,joyeria_metales,5,0,0,1,0,0,10,5,0,0
CHAPAL9908182,103546.61,2025-01-29,transferencia_nacional,inusual,joyeria_metales,5,0,0,1,0,0,1,2,1,0
ESPILE7207242,59370.41,2024-11-15,transferencia_nacional,relevante,joyeria_metales,5,0,0,1,0,0,11,4,0,1
CLT31805,122756.96,2024-12-03,efectivo,inusual,joyeria_metales,5,1,0,1,0,0,12,1,0,0
SARAPA871217B,70587.87,2025-03-12,efectivo,relevante,joyeria_metales,4,1,0,1,0,0,3,2,0,0
CAR656428186,214216.57,2025-09-19,tarjeta,preocupante,joyeria_metales,6,0,0,1,1,0,9,4,0,0
DUEÑER8901193,6055.96,2025-07-04,transferencia_nacional,relevante,joyeria_metales,3,0,0,1,0,0,7,4,0,0
DE LVI7712112,194542.13,2024-12-14,transferencia_nacional,preocupante,joyeria_metales,6,0,0,1,1,0,12,5,0,1
CLT19963,3299.71,2025-01-18,tarjeta,relevante,joyeria_metales,3,0,0,1,0,0,1,5,0,0
CLT54236,115976.25,2025-09-05,efectivo,inusual,joyeria_metales,3,1,0,1,0,0,9,4,0,0
DE LVI7712112,11726.4,2025-01-21,efectivo,relevante,joyeria_metales,6,1,0,1,0,0,1,1,0,0
SAI912506C32,105062.08,2025-10-25,transferencia_nacional,inusual,joyeria_metales,6,0,0,1,0,0,10,5,0,0
LUC733716C67,11808.75,2025-02-02,tarjeta,relevante,joyeria_metales,3,0,0,1,0,0,2,6,0,0
MAR845427A48,5512.43,2025-02-17,efectivo,relevante,joyeria_metales,5,1,0,1,0,0,2,0,0,1
CHAPAL9908182,26541.96,2025-02-01,efectivo,relevante,joyeria_metales,5,1,0,1,0,0,2,5,0,0
SOLOUR500528B,2919.92,2025-03-05,tarjeta,relevante,joyeria_metales,3,0,0,1,0,0,3,2,0,0
CAV710137286,185619.25,2025-01-19,transferencia_nacional,preocupante,joyeria_metales,4,0,0,1,1,0,1,6,0,0
SÁNCCO5005141,165219.4,2025-10-13,efectivo,preocupante,joyeria_metales,5,1,0,1,0,1,10,0,0,1
MARTEV9804273,4887.1,2024-12-10,efectivo,relevante,joyeria_metales,6,1,0,1,0,0,12,1,0,0
CLT51555,175520.61,2025-10-22,efectivo,preocupante,joyeria_metales,4,1,0,1,1,0,10,2,0,0
SÁE655560B09,9702.13,2025-05-18,transferencia_nacional,relevante,joyeria_metales,3,0,0,1,0,0,5,6,0,0
BALDDA800905A,12683.06,2025-06-25,efectivo,relevante,joyeria_metales,2,1,0,1,0,0,6,2,0,0
CLT34662,107044.52,2025-07-15,tarjeta,inusual,joyeria_metales,3,0,0,1,0,0,7,1,0,1
CLT37082,149269.29,2025-08-20,transferencia_nacional,inusual,joyeria_metales,3,0,0,1,0,0,8,2,0,0
VARESI7702081,14481.56,2025-10-16,tarjeta,relevante,joyeria_metales,2,0,0,1,0,0,10,3,0,1
CARDRU950905C,14634.76,2025-09-11,transferencia_nacional,relevante,joyeria_metales,4,0,0,1,0,0,9,3,0,0
OLM754496B82,231689.83,2024-12-21,transferencia_internacional,preocupante,joyeria_metales,5,0,1,1,1,0,12,5,0,0
CAM984604241,31903.7,2025-07-04,tarjeta,relevante,joyeria_metales,5,0,0,1,0,0,7,4,0,0
DES729734249,1093452.31,2025-03-20,efectivo,preocupante,joyeria_metales,5,1,0,1,1,0,3,3,0,0
VÁSQRE731018B,61533.26,2025-04-11,tarjeta,relevante,joyeria_metales,6,0,0,1,0,0,4,4,0,0
COR591355C02,2871.79,2025-09-03,tarjeta,relevante,joyeria_metales,6,0,0,1,0,0,9,2,0,0
CLT11658,47187.91,2025-08-18,transferencia_internacional,relevante,joyeria_metales,4,0,1,1,0,0,8,0,0,0
COLLRA931228A,232450.54,2025-03-21,tarjeta,preocupante,joyeria_metales,4,0,0,1,1,0,3,4,0,0
VARESI7702081,8635.06,2025-07-22,tarjeta,relevante,joyeria_metales,2,0,0,1,0,0,7,1,0,0
TOR776540123,33414.17,2025-05-04,efectivo,relevante,joyeria_metales,5,1,0,1,0,0,5,6,0,0
CLT83044,160276.58,2025-01-29,transferencia_nacional,preocupante,joyeria_metales,7,0,0,1,0,1,1,2,1,0
ARREIR740904C,124417.09,2025-03-24,transferencia_nacional,inusual,joyeria_metales,3,0,0,1,0,0,3,0,0,0
CLT64773,45759.59,2025-09-05,tarjeta,relevante,joyeria_metales,4,0,0,1,0,0,9,4,0,0
CLT23104,125109.73,2025-02-19,transferencia_nacional,inusual,joyeria_metales,2,0,0,1,0,0,2,2,0,0
CLT83044,4976.92,2025-01-27,tarjeta,relevante,joyeria_metales,7,0,0,1,0,0,1,0,0,0
CLT22119,103515.77,2025-02-04,transferencia_nacional,inusual,joyeria_metales,10,0,0,1,0,0,2,1,0,0
CLT98338,136411.37,2025-08-06,transferencia_nacional,inusual,joyeria_metales,4,0,0,1,0,0,8,2,0,0
RESÉIN801106B,42519.43,2025-10-14,transferencia_nacional,relevante,joyeria_metales,4,0,0,1,0,0,10,1,0,1
CLT69878,168418.97,2025-03-08,tarjeta,preocupante,joyeria_metales,6,0,0,1,0,1,3,5,0,0
CLT53694,138089.91,2025-06-24,transferencia_nacional,inusual,joyeria_metales,7,0,0,1,0,0,6,1,0,0
CLT98338,24710.37,2025-02-04,transferencia_nacional,relevante,joyeria_metales,4,0,0,1,0,0,2,1,0,0
JARATO7608283,2642674.67,2025-09-26,efectivo,preocupante,joyeria_metales,4,1,0,1,1,0,9,4,0,0
PRO870029B83,97519.62,2025-08-10,transferencia_internacional,relevante,joyeria_metales,3,0,1,1,0,0,8,6,0,0
ALMAPA5210123,104270.1,2025-09-22,efectivo,inusual,joyeria_metales,6,1,0,1,0,0,9,0,0,0
CLT73462,28746.43,2025-05-12,transferencia_internacional,relevante,joyeria_metales,6,0,1,1,0,0,5,0,0,0
CLT51507,130288.96,2025-01-06,transferencia_nacional,inusual,joyeria_metales,2,0,0,1,0,0,1,0,0,0
ALMAPA5210123,201808.99,2025-05-02,transferencia_nacional,preocupante,joyeria_metales,6,0,0,1,1,0,5,4,0,0
BAR854005B61,145670.49,2025-04-27,efectivo,inusual,joyeria_metales,5,1,0,1,0,0,4,6,0,0
CLT49535,52036.4,2025-03-31,transferencia_nacional,relevante,joyeria_metales,2,0,0,1,0,0,3,0,1,0
DES729734249,44620.29,2025-03-21,efectivo,relevante,joyeria_metales,5,1,0,1,0,0,3,4,0,0
GUE550627352,614.37,2024-11-30,tarjeta,relevante,joyeria_metales,2,0,0,1,0,0,11,5,1,0
PALOEL930422A,2781.24,2024-12-03,tarjeta,relevante,joyeria_metales,6,0,0,1,0,0,12,1,0,0
CLT92756,4606.68,2025-06-25,transferencia_nacional,relevante,joyeria_metales,2,0,0,1,0,0,6,2,0,0
ALM903153B52,12568.36,2025-09-30,tarjeta,relevante,joyeria_metales,7,0,0,1,0,0,9,1,1,0
MARÍIV560905B,133460.01,2024-11-02,tarjeta,inusual,joyeria_metales,4,0,0,1,0,0,11,5,0,0
CARDRU950905C,1186.39,2025-07-10,efectivo,relevante,joyeria_metales,4,1,0,1,0,0,7,3,0,0
CLT43202,104970.47,2025-08-18,transferencia_nacional,inusual,joyeria_metales,3,0,0,1,0,0,8,0,0,0
CLT42208,45993.33,2025-09-29,tarjeta,relevante,joyeria_metales,2,0,0,1,0,0,9,0,1,0
BARRUR5809122,5899.18,2025-03-23,tarjeta,relevante,joyeria_metales,4,0,0,1,0,0,3,6,0,0
SÁNCCO5005141,81614.66,2025-03-12,transferencia_internacional,relevante,joyeria_metales,5,0,1,1,0,0,3,2,0,0
CLT40972,74630.76,2025-06-02,efectivo,relevante,joyeria_metales,6,1,0,1,0,0,6,0,0,0
CLT38183,9971.53,2025-02-09,transferencia_nacional,relevante,joyeria_metales,5,0,0,1,0,0,2,6,0,0
CLT35166,2628597.96,2025-06-21,transferencia_nacional,preocupante,joyeria_metales,4,0,0,1,1,0,6,5,0,0
LAURMA8509131,2172.56,2024-11-29,efectivo,relevante,joyeria_metales,3,1,0,1,0,0,11,4,1,0
BUSTAM8709082,62964.58,2025-08-22,transferencia_nacional,relevante,joyeria_metales,3,0,0,1,0,0,8,4,0,0
CARRFR870920C,147376.81,2025-07-30,transferencia_nacional,inusual,joyeria_metales,6,0,0,1,0,0,7,2,1,0
CLT93130,123193.96,2025-08-08,transferencia_nacional,inusual,joyeria_metales,2,0,0,1,0,0,8,4,0,0
CLT22224,4615.09,2024-12-20,transferencia_nacional,relevante,joyeria_metales,4,0,0,1,0,0,12,4,0,0
CLT69878,152934.2,2025-02-10,transferencia_nacional,inusual,joyeria_metales,6,0,0,1,0,1,2,0,0,0
ONTILU690113C,2365.1,2025-05-03,tarjeta,relevante,joyeria_metales,1,0,0,1,0,0,5,5,0,0
PIZAES781216A,63841.11,2025-10-03,transferencia_nacional,relevante,joyeria_metales,2,0,0,1,0,0,10,4,0,0
MEZ651346B79,7383.06,2024-12-18,tarjeta,relevante,joyeria_metales,5,0,0,1,0,0,12,2,0,0
CLT42495,7907.11,2024-11-19,transferencia_internacional,relevante,joyeria_metales,6,0,1,1,0,0,11,1,0,0
CLT50988,3858.95,2025-08-12,transferencia_nacional,relevante,joyeria_metales,2,0,0,1,0,0,8,1,0,0
SÁE655560B09,116765.47,2025-04-06,efectivo,inusual,joyeria_metales,3,1,0,1,0,0,4,6,0,0
ÁVI851976185,99742.32,2024-11-04,tarjeta,relevante,joyeria_metales,3,0,0,1,0,0,11,0,0,0
ARTERO901011A,60675.35,2025-10-03,tarjeta,relevante,joyeria_metales,3,0,0,1,0,0,10,4,0,0
CLT59672,132224.62,2025-03-29,tarjeta,inusual,joyeria_metales,5,0,0,1,0,0,3,5,1,0
CLT22119,162314.16,2025-07-01,tarjeta,inusual,joyeria_metales,10,0,0,1,0,1,7,1,0,0
CLT54548,5875.58,2025-05-25,tarjeta,relevante,joyeria_metales,4,0,0,1,0,0,5,6,0,0
SALGGO6310142,34075.26,2025-01-07,efectivo,relevante,joyeria_metales,4,1,0,1,0,0,1,1,0,0
CLT32699,43208.79,2024-11-23,efectivo,relevante,joyeria_metales,3,1,0,1,0,0,11,5,0,0
CIN953169A45,43791.33,2025-01-10,efectivo,relevante,joyeria_metales,2,1,0,1,0,0,1,4,0,0
CLT80798,71210.68,2024-10-31,tarjeta,relevante,joyeria_metales,2,0,0,1,0,0,10,3,1,0
CLT34551,103061.69,2024-12-03,tarjeta,inusual,joyeria_metales,9,0,0,1,0,0,12,1,0,0
GRU642131A14,10128.73,2025-10-02,tarjeta,relevante,joyeria_metales,5,0,0,1,0,0,10,3,0,0
CAM984604241,145614.13,2025-09-24,transferencia_nacional,inusual,joyeria_metales,5,0,0,1,0,0,9,2,0,0
CARDRI691114A,22125.13,2025-04-11,efectivo,relevante,joyeria_metales,6,1,0,1,0,0,4,4,0,0
ZELANA5010101,126014.74,2025-05-30,transferencia_internacional,inusual,joyeria_metales,4,0,1,1,0,0,5,4,1,0
CLT80686,98857.73,2025-07-19,tarjeta,relevante,joyeria_metales,6,0,0,1,0,0,7,5,0,0
CLT84607,68531.74,2024-12-15,transferencia_internacional,relevante,joyeria_metales,5,0,1,1,0,0,12,6,0,1
MORELU610701B,7091.8,2025-04-26,tarjeta,relevante,joyeria_metales,3,0,0,1,0,0,4,5,0,0
CLT76249,143464.38,2025-06-30,tarjeta,inusual,joyeria_metales,4,0,0,1,0,0,6,0,1,0
CLT43202,1112516.72,2025-06-23,tarjeta,preocupante,joyeria_metales,3,0,0,1,1,0,6,0,0,0
CLT31805,161091.9,2024-12-16,tarjeta,inusual,joyeria_metales,5,0,0,1,0,1,12,0,0,1
BAR854005B61,44909.21,2025-04-27,tarjeta,relevante,joyeria_metales,5,0,0,1,0,0,4,6,0,0
NIETPE7910063,8871.18,2025-09-27,transferencia_nacional,relevante,joyeria_metales,4,0,0,1,0,0,9,5,0,0
CLT59894,19442.02,2025-04-28,transferencia_internacional,relevante,joyeria_metales,3,0,1,1,0,0,4,0,1,0
CLT51555,2696.41,2025-09-20,efectivo,relevante,joyeria_metales,4,1,0,1,0,0,9,5,0,0
LER869484B34,34812.38,2025-08-09,efectivo,relevante,joyeria_metales,2,1,0,1,0,0,8,5,0,0
BAR854005B61,786.68,2025-08-21,transferencia_nacional,relevante,joyeria_metales,5,0,0,1,0,0,8,3,0,0
PADILU9804062,135354.32,2025-02-16,tarjeta,inusual,joyeria_metales,8,0,0,1,0,0,2,6,0,1
PRO603323114,52097.52,2025-04-26,tarjeta,relevante,joyeria_metales,5,0,0,1,0,0,4,5,0,0
CHAPAL9908182,15719.67,2025-08-17,transferencia_nacional,relevante,joyeria_metales,5,0,0,1,0,0,8,6,0,1
CLT22119,194335.9,2025-02-13,transferencia_nacional,preocupante,joyeria_metales,10,0,0,1,1,0,2,3,0,1
CLT34551,67283.02,2025-03-01,transferencia_nacional,relevante,joyeria_metales,9,0,0,1,0,0,3,5,0,0
CLT40972,64640.81,2025-02-06,transferencia_nacional,relevante,joyeria_metales,6,0,0,1,0,0,2,3,0,0
CLT34551,3687.7,2024-11-01,transferencia_internacional,relevante,joyeria_metales,9,0,1,1,0,0,11,4,0,0
CLT44814,2297.52,2024-12-23,transferencia_nacional,relevante,joyeria_metales,3,0,0,1,0,0,12,0,0,0
ROLÓVE7907143,7606.81,2024-12-28,efectivo,relevante,joyeria_metales,3,1,0,1,0,0,12,5,0,0
COR591355C02,46214.03,2025-07-31,efectivo,relevante,joyeria_metales,6,1,0,1,0,0,7,3,1,0
LAURMA8509131,7745.95,2024-11-21,transferencia_internacional,relevante,joyeria_metales,3,0,1,1,0,0,11,3,0,0
CLT49363,2142.7,2025-06-14,transferencia_nacional,relevante,joyeria_metales,7,0,0,1,0,0,6,5,0,1
CLT23396,76319.61,2025-01-10,transferencia_nacional,relevante,joyeria_metales,5,0,0,1,0,0,1,4,0,0
NIÑOEU9108143,25077.78,2025-01-12,tarjeta,relevante,joyeria_metales,3,0,0,1,0,0,1,6,0,0
CLT23069,15249.8,2025-09-16,transferencia_nacional,relevante,joyeria_metales,3,0,0,1,0,0,9,1,0,1
CLT92756,211716.77,2025-01-29,transferencia_nacional,preocupante,joyeria_metales,2,0,0,1,1,0,1,2,1,0
CLT69878,101836.07,2025-02-15,tarjeta,inusual,joyeria_metales,6,0,0,1,0,0,2,5,0,1
BARRUR5809122,144928.03,2025-03-25,tarjeta,inusual,joyeria_metales,4,0,0,1,0,0,3,1,0,0
SAI912506C32,107648.39,2025-10-05,tarjeta,inusual,joyeria_metales,6,0,0,1,0,0,10,6,0,0
COR926273B52,133890.66,2025-06-13,transferencia_nacional,inusual,joyeria_metales,4,0,0,1,0,0,6,4,0,1
VEL525435A62,1856.65,2024-12-16,tarjeta,relevante,joyeria_metales,5,0,0,1,0,0,12,0,0,1
MARTEV9804273,68415.11,2025-08-22,tarjeta,relevante,joyeria_metales,6,0,0,1,0,0,8,4,0,0
CLT49356,6864.62,2025-03-28,tarjeta,relevante,joyeria_metales,6,0,0,1,0,0,3,4,0,0
JAR598818310,136198.65,2025-04-20,tarjeta,inusual,joyeria_metales,2,0,0,1,0,0,4,6,0,0
GRU732752A92,135518.33,2025-09-10,transferencia_internacional,inusual,joyeria_metales,1,0,1,1,0,0,9,2,0,0
OLIVAL9607162,119602.33,2025-09-26,transferencia_nacional,inusual,joyeria_metales,4,0,0,1,0,0,9,4,0,0
CLT83233,105597.65,2025-10-20,transferencia_internacional,inusual,joyeria_metales,8,0,1,1,0,0,10,0,0,0
CLT26361,3694.51,2025-03-09,transferencia_nacional,relevante,joyeria_metales,8,0,0,1,0,0,3,6,0,0
GIL718022387,41767.89,2025-04-10,efectivo,relevante,joyeria_metales,4,1,0,1,0,0,4,3,0,0
CLT83233,154691.75,2025-05-14,transferencia_nacional,inusual,joyeria_metales,8,0,0,1,0,1,5,2,0,1
CLT22119,130129.49,2025-05-28,tarjeta,inusual,joyeria_metales,10,0,0,1,0,0,5,2,0,0
CLT67366,102166.87,2025-08-22,efectivo,inusual,joyeria_metales,4,1,0,1,0,0,8,4,0,0
ALM903153B52,149539.79,2025-02-19,efectivo,inusual,joyeria_metales,7,1,0,1,0,0,2,2,0,0
VER917452205,5107.94,2024-11-16,efectivo,relevante,joyeria_metales,6,1,0,1,0,0,11,5,0,1
GRU526615383,163695.11,2025-03-30,transferencia_nacional,inusual,joyeria_metales,2,0,0,1,0,1,3,6,1,0
CLT37082,105329.72,2024-11-18,transferencia_internacional,inusual,joyeria_metales,3,0,1,1,0,0,11,0,0,0
CLU878107262,11169.89,2025-04-10,tarjeta,relevante,joyeria_metales,6,0,0,1,0,0,4,3,0,0
CLT44180,4896922.25,2024-12-06,transferencia_nacional,preocupante,joyeria_metales,4,0,0,1,1,0,12,4,0,0
CLU919085C66,3142.17,2025-08-10,efectivo,relevante,joyeria_metales,5,1,0,1,0,0,8,6,0,0
CLT22224,80335.15,2024-11-24,transferencia_nacional,relevante,joyeria_metales,4,0,0,1,0,0,11,6,0,0
TOR863176115,120088.94,2025-10-09,tarjeta,inusual,joyeria_metales,2,0,0,1,0,0,10,3,0,0
CARRBE7510193,66844.45,2025-02-25,efectivo,relevante,joyeria_metales,8,1,0,1,0,0,2,1,0,0
CLT83233,3946.73,2025-09-06,tarjeta,relevante,joyeria_metales,8,0,0,1,0,0,9,5,0,0
CLT49356,38146.31,2024-12-01,tarjeta,relevante,joyeria_metales,6,0,0,1,0,0,12,6,0,0
GRU943296C51,8790.52,2024-11-09,transferencia_nacional,relevante,joyeria_metales,5,0,0,1,0,0,11,5,0,0
CLU878107262,33249.53,2024-11-18,transferencia_internacional,relevante,joyeria_metales,6,0,1,1,0,0,11,0,0,0
CLT49363,119331.59,2025-06-29,efectivo,inusual,joyeria_metales,7,1,0,1,0,0,6,6,1,0
CLT89593,34600.52,2025-02-27,transferencia_nacional,relevante,joyeria_metales,4,0,0,1,0,0,2,3,1,0
VER917452205,1478.53,2025-07-04,tarjeta,relevante,joyeria_metales,6,0,0,1,0,0,7,4,0,0
MAREMA711005C,1382.2,2025-05-16,transferencia_nacional,relevante,joyeria_metales,6,0,0,1,0,0,5,4,0,1
NIÑOEU9108143,4382787.36,2025-03-23,efectivo,preocupante,joyeria_metales,3,1,0,1,1,0,3,6,0,0
BAR651693248,100443.16,2024-10-31,transferencia_nacional,inusual,joyeria_metales,3,0,0,1,0,0,10,3,1,0
MEZ651346B79,4863.29,2025-04-24,tarjeta,relevante,joyeria_metales,5,0,0,1,0,0,4,3,0,0
CLT73462,103322.19,2024-11-28,tarjeta,inusual,joyeria_metales,6,0,0,1,0,0,11,3,1,0
DELGBL6401041,36166.98,2025-04-27,transferencia_nacional,relevante,joyeria_metales,5,0,0,1,0,0,4,6,0,0
CLT83044,95719.68,2025-10-02,tarjeta,relevante,joyeria_metales,7,0,0,1,0,0,10,3,0,0
CLT52245,30690.76,2024-11-03,efectivo,relevante,joyeria_metales,4,1,0,1,0,0,11,6,0,0
GRU547344104,60655.02,2025-09-24,efectivo,relevante,joyeria_metales,8,1,0,1,0,0,9,2,0,0
BAL886199C49,133877.11,2025-09-29,transferencia_internacional,inusual,joyeria_metales,1,0,1,1,0,0,9,0,1,0
ESPILE7207242,71374.06,2025-08-16,transferencia_internacional,relevante,joyeria_metales,5,0,1,1,0,0,8,5,0,1
OLM754496B82,27110.93,2025-03-22,efectivo,relevante,joyeria_metales,5,1,0,1,0,0,3,5,0,0
SOLAUR9212273,7993.22,2024-12-03,tarjeta,relevante,joyeria_metales,7,0,0,1,0,0,12,1,0,0
DE LVI7712112,159657.62,2025-08-16,tarjeta,inusual,joyeria_metales,6,0,0,1,0,1,8,5,0,1
CLT63845,8745.9,2025-05-06,tarjeta,relevante,joyeria_metales,1,0,0,1,0,0,5,1,0,0
LEIVYO7809231,17520.99,2024-12-09,tarjeta,relevante,joyeria_metales,7,0,0,1,0,0,12,0,0,0
YÁÑEÁN6503213,49874.97,2025-09-25,efectivo,relevante,joyeria_metales,4,1,0,1,0,0,9,3,0,0
JARATO7608283,20390.15,2025-09-29,tarjeta,relevante,joyeria_metales,4,0,0,1,0,0,9,0,1,0
CLT38183,80929.95,2024-12-06,efectivo,relevante,joyeria_metales,5,1,0,1,0,0,12,4,0,0
LAB993673222,70519.43,2025-09-27,efectivo,relevante,joyeria_metales,5,1,0,1,0,0,9,5,0,0
CLT65723,156643.49,2025-03-04,tarjeta,preocupante,joyeria_metales,4,0,0,1,0,1,3,1,0,0
CLT67366,128628.25,2025-04-22,efectivo,inusual,joyeria_metales,4,1,0,1,0,0,4,1,0,0
CLT83233,72609.5,2025-05-22,tarjeta,relevante,joyeria_metales,8,0,0,1,0,0,5,3,0,0
VALEIS660124B,7928.16,2025-09-11,efectivo,relevante,joyeria_metales,5,1,0,1,0,0,9,3,0,0
MAREMA711005C,94900.63,2025-02-20,tarjeta,relevante,joyeria_metales,6,0,0,1,0,0,2,3,0,0
CLT81810,5971.14,2025-01-31,tarjeta,relevante,joyeria_metales,2,0,0,1,0,0,1,4,1,0
MOTAFR750722A,174526.85,2025-04-16,transferencia_nacional,preocupante,joyeria_metales,3,0,0,1,1,0,4,2,0,1
CLT59894,1145243.38,2025-08-17,tarjeta,preocupante,joyeria_metales,3,0,0,1,1,0,8,6,0,1
CLT18292,120985.74,2025-10-16,tarjeta,inusual,joyeria_metales,5,0,0,1,0,0,10,3,0,1
SOLOUR500528B,43679.94,2024-12-02,transferencia_nacional,relevante,joyeria_metales,3,0,0,1,0,0,12,0,0,0
GRU943296C51,116266.67,2025-01-17,tarjeta,inusual,joyeria_metales,5,0,0,1,0,0,1,4,0,1
SÁNCCO5005141,131779.66,2024-11-02,transferencia_nacional,inusual,joyeria_metales,5,0,0,1,0,0,11,5,0,0
CLT49356,91251.65,2025-03-10,tarjeta,relevante,joyeria_metales,6,0,0,1,0,0,3,0,0,0
VILLAL9112221,153823.83,2025-04-25,transferencia_nacional,inusual,joyeria_metales,6,0,0,1,0,1,4,4,0,0
MAR845427A48,1252.03,2025-06-30,tarjeta,relevante,joyeria_metales,5,0,0,1,0,0,6,0,1,0
CLT49363,166912.2,2025-06-01,efectivo,preocupante,joyeria_metales,7,1,0,1,0,1,6,6,0,0
DELGBL6401041,71303.74,2025-03-02,tarjeta,relevante,joyeria_metales,5,0,0,1,0,0,3,6,0,0
CLT53694,140753.33,2025-07-26,transferencia_nacional,inusual,joyeria_metales,7,0,0,1,0,0,7,5,0,0
VER917452205,5612.33,2025-03-29,efectivo,relevante,joyeria_metales,6,1,0,1,0,0,3,5,1,0
ÁVI851976185,1483.75,2025-09-20,transferencia_nacional,relevante,joyeria_metales,3,0,0,1,0,0,9,5,0,0
CLT18812,41714.18,2025-09-16,efectivo,relevante,joyeria_metales,2,1,0,1,0,0,9,1,0,1
CLT51973,76154.37,2024-11-15,tarjeta,relevante,joyeria_metales,6,0,0,1,0,0,11,4,0,1
TOR776540123,60836.77,2024-11-04,tarjeta,relevante,joyeria_metales,5,0,0,1,0,0,11,0,0,0
COR591355C02,26415.32,2025-09-22,tarjeta,relevante,joyeria_metales,6,0,0,1,0,0,9,0,0,0
CÓR884272319,12405.69,2025-05-03,tarjeta,relevante,joyeria_metales,3,0,0,1,0,0,5,5,0,0
BON748260B34,26729.72,2025-10-04,transferencia_nacional,relevante,joyeria_metales,4,0,0,1,0,0,10,5,0,0
CLT18639,8414.04,2025-08-19,tarjeta,relevante,joyeria_metales,5,0,0,1,0,0,8,1,0,0
TAFOAB5107113,145137.64,2025-01-24,tarjeta,inusual,joyeria_metales,2,0,0,1,0,0,1,4,0,0
CLT40021,163426.86,2025-07-07,efectivo,inusual,joyeria_metales,1,1,0,1,0,1,7,0,0,0
SANARU5603251,153627.35,2025-09-09,transferencia_internacional,inusual,joyeria_metales,2,0,1,1,0,1,9,1,0,0
VER917452205,1353914.78,2025-01-27,efectivo,preocupante,joyeria_metales,6,1,0,1,1,0,1,0,0,0
VILLAL9112221,168375.05,2025-06-24,tarjeta,inusual,joyeria_metales,6,0,0,1,0,1,6,1,0,0
CLT52622,28623.92,2025-05-21,efectivo,relevante,joyeria_metales,8,1,0,1,0,0,5,2,0,0
CLT29597,16993.55,2025-06-27,tarjeta,relevante,joyeria_metales,4,0,0,1,0,0,6,4,0,0
CLT35166,17249.32,2025-04-18,efectivo,relevante,joyeria_metales,4,1,0,1,0,0,4,4,0,0
CLT42495,119320.16,2025-07-19,efectivo,inusual,joyeria_metales,6,1,0,1,0,0,7,5,0,0
CLT23396,84607.37,2025-05-10,efectivo,relevante,joyeria_metales,5,1,0,1,0,0,5,5,0,0
CLT26361,7591.84,2025-05-17,transferencia_nacional,relevante,joyeria_metales,8,0,0,1,0,0,5,5,0,1
ALM903153B52,1718.89,2025-10-13,efectivo,relevante,joyeria_metales,7,1,0,1,0,0,10,0,0,1
CLT83242,34023.77,2025-01-24,tarjeta,relevante,joyeria_metales,6,0,0,1,0,0,1,4,0,0
CLT84607,142542.04,2025-08-22,transferencia_nacional,inusual,joyeria_metales,5,0,0,1,0,0,8,4,0,0
CLT52245,59225.87,2025-08-18,tarjeta,relevante,joyeria_metales,4,0,0,1,0,0,8,0,0,0
JASSAN9909012,14279.23,2025-01-19,transferencia_nacional,relevante,joyeria_metales,1,0,0,1,0,0,1,6,0,0
COR926273B52,130168.53,2025-06-19,tarjeta,inusual,joyeria_metales,4,0,0,1,0,0,6,3,0,0
JAIMOM8505031,81045.15,2025-08-07,efectivo,relevante,joyeria_metales,5,1,0,1,0,0,8,3,0,0
CLT80798,140129.28,2025-09-18,transferencia_nacional,inusual,joyeria_metales,2,0,0,1,0,0,9,3,0,0
TERRCE6912283,106202.24,2025-03-30,transferencia_internacional,inusual,joyeria_metales,2,0,1,1,0,0,3,6,1,0
GONZBE5804242,87271.23,2024-11-04,tarjeta,relevante,joyeria_metales,2,0,0,1,0,0,11,0,0,0
DES729734249,59091.07,2025-05-22,transferencia_nacional,relevante,joyeria_metales,5,0,0,1,0,0,5,3,0,0
LOV984522295,127790.66,2025-09-07,transferencia_nacional,inusual,joyeria_metales,1,0,0,1,0,0,9,6,0,0
CLT29597,29238.92,2025-05-30,tarjeta,relevante,joyeria_metales,4,0,0,1,0,0,5,4,1,0
ARREIR740904C,277862.53,2025-10-15,tarjeta,preocupante,joyeria_metales,3,0,0,1,1,0,10,2,0,1
COR735789235,96403.25,2025-10-22,tarjeta,relevante,joyeria_metales,4,0,0,1,0,0,10,2,0,0
CLT83242,150866.24,2025-01-30,tarjeta,inusual,joyeria_metales,6,0,0,1,0,1,1,3,1,0
MAREMA711005C,76997.32,2025-03-26,transferencia_nacional,relevante,joyeria_metales,6,0,0,1,0,0,3,2,0,0
CAR656428186,158592.04,2025-06-06,transferencia_nacional,inusual,joyeria_metales,6,0,0,1,0,1,6,4,0,0
VALLBE940323B,28332.03,2025-06-18,tarjeta,relevante,joyeria_metales,1,0,0,1,0,0,6,2,0,0
CLT52622,1357.9,2025-06-24,transferencia_nacional,relevante,joyeria_metales,8,0,0,1,0,0,6,1,0,0
JARATO7608283,125272.76,2025-08-31,tarjeta,inusual,joyeria_metales,4,0,0,1,0,0,8,6,1,0
JAIMOM8505031,115197.32,2025-08-19,transferencia_nacional,inusual,joyeria_metales,5,0,0,1,0,0,8,1,0,0
CLT76088,15689.97,2025-09-01,efectivo,relevante,joyeria_metales,2,1,0,1,0,0,9,0,0,0
JURAIS7012163,20930.38,2025-07-06,transferencia_nacional,relevante,joyeria_metales,3,0,0,1,0,0,7,6,0,0
SALGGO6310142,80394.65,2025-07-05,tarjeta,relevante,joyeria_metales,4,0,0,1,0,0,7,5,0,0
VILLPE8301222,29889.94,2025-10-23,transferencia_nacional,relevante,joyeria_metales,3,0,0,1,0,0,10,3,0,0
CLT53694,5275.06,2025-07-23,transferencia_nacional,relevante,joyeria_metales,7,0,0,1,0,0,7,2,0,0
CLT15020,125833.34,2024-12-28,tarjeta,inusual,joyeria_metales,8,0,0,1,0,0,12,5,0,0
SER674879B42,136135.35,2024-12-25,transferencia_internacional,inusual,joyeria_metales,4,0,1,1,0,0,12,2,0,0
CLT92544,1772.46,2025-01-07,transferencia_nacional,relevante,joyeria_metales,3,0,0,1,0,0,1,1,0,0
OLIVAL9607162,5102.0,2025-07-27,efectivo,relevante,joyeria_metales,4,1,0,1,0,0,7,6,0,0
ALMAPA5210123,6270.65,2024-12-21,transferencia_nacional,relevante,joyeria_metales,6,0,0,1,0,0,12,5,0,0
PRO801863196,107375.44,2025-01-06,tarjeta,inusual,joyeria_metales,2,0,0,1,0,0,1,0,0,0
QUINAM5503091,75380.01,2025-01-10,tarjeta,relevante,joyeria_metales,4,0,0,1,0,0,1,4,0,0
CLT58566,89118.49,2025-01-25,tarjeta,relevante,joyeria_metales,2,0,0,1,0,0,1,5,0,0
CLT16764,121091.41,2025-02-27,tarjeta,inusual,joyeria_metales,3,0,0,1,0,0,2,3,1,0
CAV710137286,92559.49,2024-11-03,efectivo,relevante,joyeria_metales,4,1,0,1,0,0,11,6,0,0
CLT98338,57761.86,2024-12-17,transferencia_nacional,relevante,joyeria_metales,4,0,0,1,0,0,12,1,0,1
CLT48780,6887.1,2025-08-09,transferencia_nacional,relevante,joyeria_metales,2,0,0,1,0,0,8,5,0,0
LEIVYO7809231,12090.32,2025-06-08,efectivo,relevante,joyeria_metales,7,1,0,1,0,0,6,6,0,0
CLT40972,35360.23,2025-05-21,tarjeta,relevante,joyeria_metales,6,0,0,1,0,0,5,2,0,0
CLT52622,27504.12,2025-06-14,efectivo,relevante,joyeria_metales,8,1,0,1,0,0,6,5,0,1
FARÍCO8707211,36728.51,2025-07-17,efectivo,relevante,joyeria_metales,8,1,0,1,0,0,7,3,0,1
CLT60275,64660.25,2025-07-07,transferencia_nacional,relevante,joyeria_metales,1,0,0,1,0,0,7,0,0,0
ZAY694081C34,8190.5,2024-11-23,efectivo,relevante,joyeria_metales,2,1,0,1,0,0,11,5,0,0
MAR658771B42,31246.78,2025-08-16,tarjeta,relevante,joyeria_metales,5,0,0,1,0,0,8,5,0,1
CLT80686,41395.88,2025-09-01,efectivo,relevante,joyeria_metales,6,1,0,1,0,0,9,0,0,0
CLT54548,42139.24,2025-08-04,tarjeta,relevante,joyeria_metales,4,0,0,1,0,0,8,0,0,0
ZEL542584A94,205012.91,2024-12-07,transferencia_nacional,preocupante,joyeria_metales,6,0,0,1,1,0,12,5,0,0
GRU547344104,89025.5,2025-01-04,tarjeta,relevante,joyeria_metales,8,0,0,1,0,0,1,5,0,0
CAD734224251,143860.85,2025-04-06,efectivo,inusual,joyeria_metales,7,1,0,1,0,0,4,6,0,0
CLT53694,470582.06,2025-06-02,transferencia_nacional,preocupante,joyeria_metales,7,0,0,1,1,0,6,0,0,0
OZUNJO9211121,66951.15,2025-10-31,transferencia_internacional,relevante,joyeria_metales,4,0,1,1,0,0,10,4,1,0
QUINAM5503091,123826.76,2025-01-11,tarjeta,inusual,joyeria_metales,4,0,0,1,0,0,1,5,0,0
CLT65723,440.45,2025-05-21,tarjeta,relevante,joyeria_metales,4,0,0,1,0,0,5,2,0,0
QUINAM5503091,48528.9,2024-12-23,tarjeta,relevante,joyeria_metales,4,0,0,1,0,0,12,0,0,0
CLT13794,8093.66,2024-11-20,efectivo,relevante,joyeria_metales,6,1,0,1,0,0,11,2,0,0
CLT18812,89889.88,2025-05-21,transferencia_nacional,relevante,joyeria_metales,2,0,0,1,0,0,5,2,0,0
CLT69878,79619.8,2025-09-18,transferencia_nacional,relevante,joyeria_metales,6,0,0,1,0,0,9,3,0,0
CLT83233,50727.22,2025-06-22,tarjeta,relevante,joyeria_metales,8,0,0,1,0,0,6,6,0,0
BON748260B34,113726.64,2025-01-01,efectivo,inusual,joyeria_metales,4,1,0,1,0,0,1,2,0,0
CLT75230,29937.69,2025-09-29,transferencia_nacional,relevante,joyeria_metales,2,0,0,1,0,0,9,0,1,0
QUI789021B63,113769.06,2024-12-29,transferencia_nacional,inusual,joyeria_metales,2,0,0,1,0,0,12,6,1,0
GALVIV901028C,6754.14,2025-07-12,transferencia_nacional,relevante,joyeria_metales,2,0,0,1,0,0,7,5,0,0
CLU693324C11,162792.12,2025-09-15,efectivo,inusual,joyeria_metales,2,1,0,1,0,1,9,0,0,1
CAM984604241,51971.3,2025-01-06,transferencia_nacional,relevante,joyeria_metales,5,0,0,1,0,0,1,0,0,0
CLT11658,159897.87,2024-11-01,efectivo,inusual,joyeria_metales,4,1,0,1,0,1,11,4,0,0
ÁVI851976185,137441.32,2025-09-28,transferencia_nacional,inusual,joyeria_metales,3,0,0,1,0,0,9,6,1,0
CLT40972,114766.44,2025-07-08,efectivo,inusual,joyeria_metales,6,1,0,1,0,0,7,1,0,0
ESPISI9307101,36109.84,2025-09-09,tarjeta,relevante,joyeria_metales,2,0,0,1,0,0,9,1,0,0
DÁV616060317,6989.4,2025-04-23,transferencia_internacional,relevante,joyeria_metales,2,0,1,1,0,0,4,2,0,0
CLT49363,3415.57,2025-09-10,tarjeta,relevante,joyeria_metales,7,0,0,1,0,0,9,2,0,0
CLT34957,115265.53,2025-05-13,tarjeta,inusual,joyeria_metales,2,0,0,1,0,0,5,1,0,1
SÁNCCO5005141,36269.47,2025-05-08,transferencia_nacional,relevante,joyeria_metales,5,0,0,1,0,0,5,3,0,0
SALGGO6310142,38633.0,2025-01-06,efectivo,relevante,joyeria_metales,4,1,0,1,0,0,1,0,0,0
CLT82512,161980.29,2025-06-25,transferencia_nacional,preocupante,joyeria_metales,3,0,0,1,0,1,6,2,0,0
CLT59672,121163.03,2024-11-14,tarjeta,inusual,joyeria_metales,5,0,0,1,0,0,11,3,0,1
DÁV616060317,105024.23,2025-06-05,tarjeta,inusual,joyeria_metales,2,0,0,1,0,0,6,3,0,0
CAD734224251,28033.57,2025-01-02,efectivo,relevante,joyeria_metales,7,1,0,1,0,0,1,3,0,0
GIL718022387,14825.43,2025-03-17,tarjeta,relevante,joyeria_metales,4,0,0,1,0,0,3,0,0,1
YÁÑEÁN6503213,33372.57,2025-02-13,efectivo,relevante,joyeria_metales,4,1,0,1,0,0,2,3,0,1
BALLKA940213A,8529.11,2025-01-24,transferencia_nacional,relevante,joyeria_metales,4,0,0,1,0,0,1,4,0,0
CLT82642,153623.77,2025-06-19,transferencia_nacional,inusual,joyeria_metales,3,0,0,1,0,1,6,3,0,0
AVI571583B68,3303.74,2025-08-08,efectivo,relevante,joyeria_metales,8,1,0,1,0,0,8,4,0,0
DÍAZLI6508192,8586.07,2025-05-14,transferencia_nacional,relevante,joyeria_metales,3,0,0,1,0,0,5,2,0,1
RODRAL520102B,72736.54,2025-01-09,transferencia_nacional,relevante,joyeria_metales,3,0,0,1,0,0,1,3,0,0
MAR531959292,139855.85,2025-06-21,efectivo,inusual,joyeria_metales,2,1,0,1,0,0,6,5,0,0
CLT82642,106574.46,2025-09-19,tarjeta,inusual,joyeria_metales,3,0,0,1,0,0,9,4,0,0
CLT34551,6990.14,2024-11-21,transferencia_internacional,relevante,joyeria_metales,9,0,1,1,0,0,11,3,0,0
ALM903153B52,774.91,2025-08-29,tarjeta,relevante,joyeria_metales,7,0,0,1,0,0,8,4,1,0
VÁSQRE731018B,10255.43,2025-07-15,efectivo,relevante,joyeria_metales,6,1,0,1,0,0,7,1,0,1
TREVCR7011031,16240.75,2025-07-07,transferencia_nacional,relevante,joyeria_metales,4,0,0,1,0,0,7,0,0,0
ALM903153B52,454412.63,2025-07-13,tarjeta,preocupante,joyeria_metales,7,0,0,1,1,0,7,6,0,1
CLT85690,168120.84,2025-06-02,efectivo,preocupante,joyeria_metales,2,1,0,1,0,1,6,0,0,0
CLT89593,8242.56,2025-07-27,tarjeta,relevante,joyeria_metales,4,0,0,1,0,0,7,6,0,0
CLT44814,9410.54,2025-10-30,tarjeta,relevante,joyeria_metales,3,0,0,1,0,0,10,3,1,0
VILLPE8301222,12443.12,2025-10-29,transferencia_nacional,relevante,joyeria_metales,3,0,0,1,0,0,10,2,1,0
NARAHO840124C,3212.12,2025-07-11,tarjeta,relevante,joyeria_metales,2,0,0,1,0,0,7,4,0,0
CLT51555,157483.06,2024-11-23,transferencia_nacional,inusual,joyeria_metales,4,0,0,1,0,1,11,5,0,0
CLT13794,4910.13,2025-03-27,transferencia_nacional,relevante,joyeria_metales,6,0,0,1,0,0,3,3,0,0
OLM754496B82,7054.4,2025-07-07,transferencia_internacional,relevante,joyeria_metales,5,0,1,1,0,0,7,0,0,0
CLT27750,86654.92,2025-08-29,tarjeta,relevante,joyeria_metales,6,0,0,1,0,0,8,4,1,0
CAS819622313,24005.01,2025-08-05,transferencia_nacional,relevante,joyeria_metales,3,0,0,1,0,0,8,1,0,0
MAR658771B42,30453.7,2025-02-14,tarjeta,relevante,joyeria_metales,5,0,0,1,0,0,2,4,0,1
CLT15020,51697.26,2024-12-29,transferencia_nacional,relevante,joyeria_metales,8,0,0,1,0,0,12,6,1,0
LAB646958151,130165.72,2025-04-30,efectivo,inusual,joyeria_metales,4,1,0,1,0,0,4,2,1,0
ALM903153B52,15854.96,2025-08-07,transferencia_internacional,relevante,joyeria_metales,7,0,1,1,0,0,8,3,0,0
CLT38183,6993.26,2024-12-01,transferencia_internacional,relevante,joyeria_metales,5,0,1,1,0,0,12,6,0,0
CLT90125,112880.36,2025-02-16,tarjeta,inusual,joyeria_metales,3,0,0,1,0,0,2,6,0,1
CLT28634,32978.92,2025-06-25,tarjeta,relevante,joyeria_metales,3,0,0,1,0,0,6,2,0,0
GRU943296C51,14881.53,2024-12-12,efectivo,relevante,joyeria_metales,5,1,0,1,0,0,12,3,0,0
GRU951037C12,15475.43,2025-05-05,efectivo,relevante,joyeria_metales,4,1,0,1,0,0,5,0,0,0
CLT29597,9569.36,2025-01-24,transferencia_nacional,relevante,joyeria_metales,4,0,0,1,0,0,1,4,0,0
CARRBE7510193,87174.67,2024-11-03,efectivo,relevante,joyeria_metales,8,1,0,1,0,0,11,6,0,0
DÍAZLI6508192,42114.14,2024-12-23,transferencia_nacional,relevante,joyeria_metales,3,0,0,1,0,0,12,0,0,0
TREJAS870702A,49448.43,2024-12-14,efectivo,relevante,joyeria_metales,2,1,0,1,0,0,12,5,0,1
ESPISI9307101,109410.32,2025-07-11,transferencia_nacional,inusual,joyeria_metales,2,0,0,1,0,0,7,4,0,0
CLT25118,2137284.81,2025-10-20,tarjeta,preocupante,joyeria_metales,3,0,0,1,1,0,10,0,0,0
VALEIS660124B,13082.33,2025-05-22,tarjeta,relevante,joyeria_metales,5,0,0,1,0,0,5,3,0,0
COR781364B25,122202.19,2025-05-01,transferencia_nacional,inusual,joyeria_metales,3,0,0,1,0,0,5,3,0,0
CLT42495,32824.39,2025-09-10,efectivo,relevante,joyeria_metales,6,1,0,1,0,0,9,2,0,0
CLU680969114,182581.86,2025-04-20,tarjeta,preocupante,joyeria_metales,4,0,0,1,1,0,4,6,0,0
MAT604286B52,10729.3,2024-12-29,tarjeta,relevante,joyeria_metales,5,0,0,1,0,0,12,6,1,0
CLT73462,127057.45,2025-09-13,tarjeta,inusual,joyeria_metales,6,0,0,1,0,0,9,5,0,1
LEIVYO7809231,16570.63,2025-02-07,tarjeta,relevante,joyeria_metales,7,0,0,1,0,0,2,4,0,0
COR703666192,31981.18,2025-07-26,tarjeta,relevante,joyeria_metales,3,0,0,1,0,0,7,5,0,0
OZUNJO9211121,134350.96,2025-09-01,tarjeta,inusual,joyeria_metales,4,0,0,1,0,0,9,0,0,0
MAT604286B52,9235.3,2025-10-05,transferencia_nacional,relevante,joyeria_metales,5,0,0,1,0,0,10,6,0,0
OLIVAL9607162,53113.59,2025-10-23,tarjeta,relevante,joyeria_metales,4,0,0,1,0,0,10,3,0,0
COR605941248,4431.0,2025-05-31,tarjeta,relevante,joyeria_metales,2,0,0,1,0,0,5,5,1,0
RESÉIN801106B,129683.04,2025-07-03,tarjeta,inusual,joyeria_metales,4,0,0,1,0,0,7,3,0,0
CLT49318,41916.57,2024-12-01,tarjeta,relevante,joyeria_metales,3,0,0,1,0,0,12,6,0,0
CLT35166,97589.64,2025-04-25,tarjeta,relevante,joyeria_metales,4,0,0,1,0,0,4,4,0,0
TOL817828216,1236.21,2024-11-27,tarjeta,relevante,joyeria_metales,4,0,0,1,0,0,11,2,0,0
CLT22119,34413.35,2025-04-30,transferencia_internacional,relevante,joyeria_metales,10,0,1,1,0,0,4,2,1,0
CLT19963,16974.66,2024-11-28,tarjeta,relevante,joyeria_metales,3,0,0,1,0,0,11,3,1,0
HEN659448B25,99330.52,2025-08-11,tarjeta,relevante,joyeria_metales,3,0,0,1,0,0,8,0,0,0
MOTAFR750722A,82047.96,2025-03-25,tarjeta,relevante,joyeria_metales,3,0,0,1,0,0,3,1,0,0
CLT89593,156242.99,2024-11-05,tarjeta,inusual,joyeria_metales,4,0,0,1,0,1,11,1,0,0
COR781364B25,140795.9,2025-09-16,tarjeta,inusual,joyeria_metales,3,0,0,1,0,0,9,1,0,1
CLT49110,31338.44,2025-06-07,tarjeta,relevante,joyeria_metales,4,0,0,1,0,0,6,5,0,0
CLT70901,3631.86,2025-04-09,efectivo,relevante,joyeria_metales,4,1,0,1,0,0,4,2,0,0
CARRAL9002013,5807.51,2025-09-05,tarjeta,relevante,joyeria_metales,4,0,0,1,0,0,9,4,0,0
CLT37549,24369.33,2025-10-03,transferencia_nacional,relevante,joyeria_metales,4,0,0,1,0,0,10,4,0,0
CLT65723,72726.6,2025-06-10,tarjeta,relevante,joyeria_metales,4,0,0,1,0,0,6,1,0,0
CLT13794,61230.02,2025-02-11,efectivo,relevante,joyeria_metales,6,1,0,1,0,0,2,1,0,0
ZEL542584A94,213127.56,2024-11-08,transferencia_nacional,preocupante,joyeria_metales,6,0,0,1,1,0,11,4,0,0
YÁÑEÁN6503213,6258.66,2025-08-15,transferencia_nacional,relevante,joyeria_metales,4,0,0,1,0,0,8,4,0,1
CARDRI691114A,16344.2,2025-05-27,tarjeta,relevante,joyeria_metales,6,0,0,1,0,0,5,1,0,0
CLT12665,126894.09,2024-11-23,transferencia_nacional,inusual,joyeria_metales,2,0,0,1,0,0,11,5,0,0
SOLAUR9212273,44744.93,2025-08-09,tarjeta,relevante,joyeria_metales,7,0,0,1,0,0,8,5,0,0
CLT91057,4100.99,2025-03-21,efectivo,relevante,joyeria_metales,2,1,0,1,0,0,3,4,0,0
MAREMA711005C,8306.26,2024-11-27,efectivo,relevante,joyeria_metales,6,1,0,1,0,0,11,2,0,0
MORAMA880512A,117261.16,2025-08-21,transferencia_nacional,inusual,joyeria_metales,2,0,0,1,0,0,8,3,0,0
SALGGO6310142,10898.77,2025-02-28,efectivo,relevante,joyeria_metales,4,1,0,1,0,0,2,4,1,0
CARDRI691114A,54030.0,2025-09-30,transferencia_nacional,relevante,joyeria_metales,6,0,0,1,0,0,9,1,1,0
BARRUR5809122,9906.0,2025-07-27,efectivo,relevante,joyeria_metales,4,1,0,1,0,0,7,6,0,0
SOLAUR9212273,57945.25,2024-11-21,tarjeta,relevante,joyeria_metales,7,0,0,1,0,0,11,3,0,0
CLT37082,122138.59,2025-09-09,tarjeta,inusual,joyeria_metales,3,0,0,1,0,0,9,1,0,0
MERCLI720511C,2236.63,2024-11-06,efectivo,relevante,joyeria_metales,1,1,0,1,0,0,11,2,0,0
RAYAFE7609043,1005.72,2025-10-15,transferencia_internacional,relevante,joyeria_metales,1,0,1,1,0,0,10,2,0,1
CORRMO570508C,15603.36,2025-06-19,transferencia_nacional,relevante,joyeria_metales,2,0,0,1,0,0,6,3,0,0
BUSTAM8709082,72264.82,2025-07-15,efectivo,relevante,joyeria_metales,3,1,0,1,0,0,7,1,0,1
MEZAAU981127C,63606.98,2025-01-04,transferencia_nacional,relevante,joyeria_metales,2,0,0,1,0,0,1,5,0,0
MAT604286B52,23099.89,2024-11-25,efectivo,relevante,joyeria_metales,5,1,0,1,0,0,11,0,0,0
LUC733716C67,38271.09,2025-03-11,tarjeta,relevante,joyeria_metales,3,0,0,1,0,0,3,1,0,0
MONTÓS5611122,5501.61,2024-12-21,transferencia_nacional,relevante,joyeria_metales,3,0,0,1,0,0,12,5,0,0
MAR531959292,34517.58,2025-09-02,tarjeta,relevante,joyeria_metales,2,0,0,1,0,0,9,1,0,0
LEIVYO7809231,3947.91,2025-05-15,efectivo,relevante,joyeria_metales,7,1,0,1,0,0,5,3,0,1
CLT76249,9159.39,2025-08-11,transferencia_nacional,relevante,joyeria_metales,4,0,0,1,0,0,8,0,0,0
CLT26361,38487.17,2025-02-10,tarjeta,relevante,joyeria_metales,8,0,0,1,0,0,2,0,0,0
CLT59672,1648.73,2025-08-20,transferencia_internacional,relevante,joyeria_metales,5,0,1,1,0,0,8,2,0,0
CLT83044,56233.01,2025-01-17,tarjeta,relevante,joyeria_metales,7,0,0,1,0,0,1,4,0,1
ALE649639301,125154.2,2025-01-31,transferencia_nacional,inusual,joyeria_metales,3,0,0,1,0,0,1,4,1,0
MORELU610701B,90085.6,2025-03-08,transferencia_nacional,relevante,joyeria_metales,3,0,0,1,0,0,3,5,0,0
TOL817828216,89758.51,2025-08-27,transferencia_internacional,relevante,joyeria_metales,4,0,1,1,0,0,8,2,0,0
